Notaria 38;;;liquidaciones;;EM1c31s38;29;115;04/04/2026;20/08/2026;;;;;;274;;;;;;;
Escritura;Nir;Responsable;Gobernacion;Correo;Notificado;Cert;Pago;Copias;Fecha_liq;Actas;Fecha_Pago;Radicado;Ingreso;Estado_Ctl;Observaciones;;;;;;;
6824;NO;NO;NO;Si;NO;NO;NO;Si;NO;Sin Actas;NO;NO;NO;NO;NO;;;;;;;
Escritura;Nir;Responsable;Gobernacion;correo;Notificacion;Cert;Pago;Copias;Fecha_liq;Benef;Fecha_Pago;Radicado;Ingreso;Estado_Ctl;Observaciones;;;;;;;
6063;26101923917578;Bancolombia;Cundinamarca;p@gmail.com;Enviado;784;Si;16-08-26;16-08-26;18-08-26;18-08-26;202605452;No;;;;;;;;;
6101;26101923907280;;Cundinamarca;;Enviado;;Si;18-08-26;18-08-26;18-08-26;18-08-26;;Si;No;;;;;;;;
5971;26101923907357;;Cundinamarca;;Enviado;;Si;18-08-26;18-08-26;19-08-26;18-08-26;;No;;;;;;;;;
6053;26101923886542;;Cundinamarca;;Enviado;;Si;18-08-26;18-08-26;19-08-26;00-01-00;;No;;;;;;;;;
5171;26101923887716;;Cundinamarca;;Enviado;;Si;18-08-26;18-08-26;18-08-26;18-08-26;;Si;No;;;;;;;;
6236;26101923927245;;Cundinamarca;;Enviado;;Si;18-08-26;18-08-26;18-08-26;18-08-26;;Si;No;;;;;;;;
6405;26101923927486;;Cundinamarca;;Enviado;;Si;18-08-26;18-08-26;18-08-26;18-08-26;;Si;No;;;;;;;;
5878;26101923887584;;Cundinamarca;;Enviado;;Si;18-08-26;18-08-26;18-08-26;18-08-26;;Si;No;;;;;;;;
6069;26101923887640;;Cundinamarca;;Enviado;;Si;18-08-26;18-08-26;18-08-26;18-08-26;;Si;No;;;;;;;;
5851;26101923926875;;Cundinamarca;;Enviado;;Si;18-08-26;18-08-26;18-08-26;18-08-26;;Si;No;;;;;;;;
5966;26101923909013;;Casanare;;Enviado;;Si;18-08-26;18-08-26;18-08-26;18-08-26;;Si;No;;;;;;;;
6400;26101923928155;;Casanare;;Enviado;;Si;18-08-26;18-08-26;18-08-26;18-08-26;;Si;No;;;;;;;;
6311;26101923928075;;Casanare;;Enviado;;Si;18-08-26;18-08-26;18-08-26;18-08-26;;Si;No;;;;;;;;
5955;26101923921276;;Meta;;Enviado;;Si;18-08-26;18-08-26;18-08-26;18-08-26;;Si;No;;;;;;;;
6139;26101923923718;;Meta;;Enviado;;Si;18-08-26;18-08-26;18-08-26;18-08-26;;Si;No;;;;;;;;
5927;26101923921225;;Valledupar;;Enviado;;Si;18-08-26;18-08-26;18-08-26;18-08-26;;Si;No;;;;;;;;
6202;26101923925417;;Boyacá;;Enviado;;Si;18-08-26;18-08-26;00-01-00;18-08-26;;No;;;;;;;;;
6418;26101923919535;;Quindio;;Enviado;;Si;18-08-26;18-08-26;00-01-00;00-01-00;;No;;;;;;;;;
6239;26101923912565;;Quindio;;Enviado;;Si;18-08-26;18-08-26;18-08-26;18-08-26;;Si;No;;;;;;;;
6279;26101923912838;;Atlantico;;Enviado;;Si;18-08-26;18-08-26;18-08-26;18-08-26;;Si;No;;;;;;;;
6276;26101923918610;;Atlantico;;Enviado;;Si;18-08-26;18-08-26;18-08-26;18-08-26;;Si;No;;;;;;;;
6242;26101923918646;;Atlantico;;Enviado;;Si;18-08-26;18-08-26;18-08-26;18-08-26;;Si;No;;;;;;;;
5478;26101923842177;;Atlantico;;Enviado;;Si;18-08-26;18-08-26;18-08-26;18-08-26;;Si;No;;;;;;;;
6189;26101923906687;;Atlantico;;Enviado;;Si;18-08-26;18-08-26;18-08-26;18-08-26;;Si;No;;;;;;;;
6217;26101923906466;;Atlantico;;Enviado;;Si;18-08-26;18-08-26;18-08-26;18-08-26;;Si;No;;;;;;;;
5958;26101923906401;;Atlantico;;Enviado;;Si;18-08-26;18-08-26;18-08-26;18-08-26;;Si;No;;;;;;;;
6059;26101923886257;;Atlantico;;Enviado;;Si;18-08-26;18-08-26;18-08-26;18-08-26;;Si;No;;;;;;;;
5707;26101923862535;;Atlantico;;Enviado;;Si;18-08-26;18-08-26;18-08-26;18-08-26;;Si;No;;;;;;;;
5565;26101923853519;;Atlantico;;Enviado;;Si;18-08-26;18-08-26;18-08-26;18-08-26;;Si;No;;;;;;;;
6386;26101923919743;;Atlantico;;Enviado;;Si;18-08-26;18-08-26;18-08-26;18-08-26;;Si;No;;;;;;;;
6203;26101923907136;;Atlantico;;Enviado;;Si;18-08-26;18-08-26;00-01-00;18-08-26;;No;;;;;;;;;
5009;26101923797986;;Antioquia;;Enviado;;Si;18-08-26;18-08-26;00-01-00;00-01-00;;No;;;;;;;;;
5347;26101923871020;;Antioquia;;Enviado;;Si;18-08-26;18-08-26;18-08-26;18-08-26;;Si;No;;;;;;;;
5948;26101923882316;;Antioquia;;Enviado;;Si;18-08-26;18-08-26;18-08-26;18-08-26;;Si;No;;;;;;;;
5586;26101923885532;;Antioquia;;Enviado;;Si;18-08-26;18-08-26;00-01-00;18-08-26;;No;;;;;;;;;
5287;26101923870237;;Antioquia;;Enviado;;Si;18-08-26;18-08-26;18-08-26;18-08-26;;Si;No;;;;;;;;
5920;26101923882193;;Antioquia;;Enviado;;Si;18-08-26;18-08-26;18-08-26;18-08-26;;Si;No;;;;;;;;
4962;26101923792553;;Antioquia;;Enviado;;Si;18-08-26;18-08-26;00-01-00;18-08-26;;No;;;;;;;;;
5154;26101923862578;;Antioquia;;Enviado;;Si;18-08-26;18-08-26;18-08-26;18-08-26;;Si;No;;;;;;;;
5829;26101923869582;;Antioquia;;Enviado;;Si;18-08-26;18-08-26;18-08-26;18-08-26;;Si;No;;;;;;;;
5503;26101923873083;;Antioquia;;Enviado;;Si;18-08-26;18-08-26;18-08-26;18-08-26;;Si;No;;;;;;;;
5540;26101923871065;;Antioquia;;Enviado;;Si;18-08-26;18-08-26;18-08-26;18-08-26;;Si;No;;;;;;;;
5762;26101923877269;;Antioquia;;Enviado;;Si;18-08-26;18-08-26;18-08-26;18-08-26;;Si;No;;;;;;;;
5804;26101923878058;;Antioquia;;Enviado;;Si;18-08-26;18-08-26;18-08-26;18-08-26;;Si;No;;;;;;;;
5838;26101923921005;;Antioquia;;Enviado;;Si;18-08-26;18-08-26;18-08-26;18-08-26;;Si;No;;;;;;;;
6118;26101923913687;;Antioquia;;Enviado;;Si;18-08-26;18-08-26;18-08-26;18-08-26;;Si;No;;;;;;;;
6117;26101923913545;;Antioquia;;Enviado;;Si;18-08-26;18-08-26;00-01-00;18-08-26;;No;;;;;;;;;
5319;26101923870914;;Antioquia;;Enviado;;Si;18-08-26;18-08-26;18-08-26;18-08-26;;Si;No;;;;;;;;
5541;26101923870226;;Caldas;;Enviado;;Si;18-08-26;18-08-26;00-01-00;18-08-26;;No;;;;;;;;;
5376;26101923871780;;Cundinamarca;;Enviado;;Si;18-08-26;18-08-26;00-01-00;00-01-00;;No;;;;;;;;;
5094;26101923861114;;Antioquia;;Enviado;;Si;18-08-26;18-08-26;00-01-00;00-01-00;;No;;;;;;;;;
5121;26101923862238;;Tolima;;Enviado;;Si;18-08-26;18-08-26;00-01-00;00-01-00;;No;;;;;;;;;
5220;26101923863590;;Tolima;;Enviado;;Si;18-08-26;18-08-26;00-01-00;00-01-00;;No;;;;;;;;;
5242;26101923864364;;Tolima;;Enviado;;Si;18-08-26;18-08-26;18-08-26;18-08-26;;Si;No;;;;;;;;
5758;26101923877341;;Tolima;;Enviado;;Si;18-08-26;18-08-26;18-08-26;18-08-26;;Si;No;;;;;;;;
6199;26101923925329;;Tolima;;Enviado;;Si;18-08-26;18-08-26;18-08-26;18-08-26;;Si;No;;;;;;;;
6238;26101923928247;;Boyacá;;Enviado;;Si;18-08-26;18-08-26;18-08-26;18-08-26;;Si;No;;;;;;;;
5823;26101923869598;;Atlantico;;Enviado;;Si;18-08-26;18-08-26;18-08-26;18-08-26;;Si;No;;;;;;;;
6308;26101923918882;;Cundinamarca;;Enviado;;Si;18-08-26;18-08-26;18-08-26;18-08-26;;Si;No;;;;;;;;
6181;26101923918836;;Cundinamarca;;Enviado;;Si;18-08-26;18-08-26;;18-08-26;;;;;;;;;;;
6179;26101923918724;;Cundinamarca;;Enviado;;Si;18-08-26;18-08-26;18-08-26;18-08-26;;Si;No;;;;;;;;
6225;26101923918687;;Cundinamarca;;Enviado;;Si;18-08-26;18-08-26;18-08-26;18-08-26;;Si;No;;;;;;;;
6037;26101923879600;;Cundinamarca;;Enviado;;Si;18-08-26;18-08-26;18-08-26;18-08-26;;Si;No;;;;;;;;
6369;26101923919790;;Cundinamarca;;Enviado;;Si;18-08-26;18-08-26;18-08-26;18-08-26;;Si;No;;;;;;;;
5970;26101923918980;;Cundinamarca;;Enviado;;Si;18-08-26;18-08-26;18-08-26;18-08-26;;Si;No;;;;;;;;
6176;26101923918947;;Cundinamarca;;Enviado;;Si;18-08-26;18-08-26;18-08-26;18-08-26;;Si;No;;;;;;;;
6273;26101923919862;;Cundinamarca;;Enviado;;Si;18-08-26;18-08-26;18-08-26;18-08-26;;Si;No;;;;;;;;
5994;26101923919819;;Cundinamarca;;Enviado;;Si;18-08-26;18-08-26;18-08-26;18-08-26;;Si;No;;;;;;;;
6127;26101923919232;;Cundinamarca;;Enviado;;Si;18-08-26;18-08-26;18-08-26;18-08-26;;Si;No;;;;;;;;
6385;26101923920075;;Cundinamarca;;Enviado;;Si;18-08-26;18-08-26;18-08-26;18-08-26;;Si;No;;;;;;;;
6309;26101923919941;;Cundinamarca;;Enviado;;Si;18-08-26;18-08-26;18-08-26;18-08-26;;Si;No;;;;;;;;
6160;26101923919901;;Cundinamarca;;Enviado;;Si;18-08-26;18-08-26;18-08-26;18-08-26;;Si;No;;;;;;;;
5850;26101923886603;;Cundinamarca;;Enviado;;Si;18-08-26;18-08-26;18-08-26;18-08-26;;Si;No;;;;;;;;
5822;26101923886571;;Cundinamarca;;Enviado;;Si;18-08-26;18-08-26;18-08-26;18-08-26;;Si;No;;;;;;;;
6316;26101923920229;;Cundinamarca;;Enviado;;Si;18-08-26;18-08-26;18-08-26;18-08-26;;Si;No;;;;;;;;
6197;26101923920202;;Cundinamarca;;Enviado;;Si;18-08-26;18-08-26;18-08-26;18-08-26;;Si;No;;;;;;;;
6086;26101923920155;;Cundinamarca;;Enviado;;Si;18-08-26;18-08-26;18-08-26;18-08-26;;Si;No;;;;;;;;
6557;26101923917086;;Cundinamarca;;Enviado;;Si;18-08-26;18-08-26;18-08-26;18-08-26;;Si;No;;;;;;;;
6157;26101923920266;;Cundinamarca;;Enviado;;Si;18-08-26;18-08-26;18-08-26;18-08-26;;Si;No;;;;;;;;
6077;26101923886646;;Cundinamarca;;Enviado;;Si;18-08-26;18-08-26;00-01-00;18-08-26;;No;;;;;;;;;
5292;26101923920355;;Cundinamarca;;Enviado;;Si;18-08-26;18-08-26;18-08-26;18-08-26;;Si;No;;;;;;;;
6334;26101923920842;;Cundinamarca;;Enviado;;Si;18-08-26;18-08-26;18-08-26;18-08-26;;Si;No;;;;;;;;
6265;26101923920765;;Cundinamarca;;Enviado;;Si;18-08-26;18-08-26;18-08-26;18-08-26;;Si;No;;;;;;;;
6290;26101923920449;;Cundinamarca;;Enviado;;Si;18-08-26;18-08-26;18-08-26;18-08-26;;Si;No;;;;;;;;
6147;26101923920391;;Cundinamarca;;Enviado;;Si;18-08-26;18-08-26;18-08-26;18-08-26;;Si;No;;;;;;;;
6121;26101923920371;;Cundinamarca;;Enviado;;Si;18-08-26;18-08-26;18-08-26;18-08-26;;Si;No;;;;;;;;
5737;26101923877062;;Cundinamarca;;Enviado;;Si;18-08-26;18-08-26;18-08-26;18-08-26;;Si;No;;;;;;;;
6320;26101923922786;;Cundinamarca;;Enviado;;Si;18-08-26;18-08-26;18-08-26;18-08-26;;Si;No;;;;;;;;
5821;26101923886678;;Cundinamarca;;Enviado;;Si;18-08-26;18-08-26;00-01-00;18-08-26;;No;;;;;;;;;
6494;26101923931245;;Santander;;Enviado;;Si;18-08-26;18-08-26;00-01-00;00-01-00;;No;;;;;;;;;
12295;;;;;;;No;18-08-26;00-01-00;;00-01-00;;;;EP 2025;;;;;;;
6393;;;;;;;No;18-08-26;00-01-00;;00-01-00;;;;;;;;;;;
6476;;;;;;;No;18-08-26;00-01-00;;00-01-00;;;;;;;;;;;
6378;;Banco De Bogotá;;;;;Si;18-08-26;18-08-26;00-01-00;00-01-00;202607367;No;;;;;;;;;
6695;;;;;;;No;18-08-26;00-01-00;;00-01-00;;;;;;;;;;;
6004;;;;;;;Si;18-08-26;18-08-26;00-01-00;00-01-00;202605499;No;;;;;;;;;
6674;;;;;;;Si;18-08-26;18-08-26;00-01-00;00-01-00;202607726;No;;;;;;;;;
6659;;;;;;;Si;18-08-26;18-08-26;00-01-00;00-01-00;202606595;No;;;;;;;;;
6635;;;;;;;No;18-08-26;00-01-00;;00-01-00;;;;;;;;;;;
6373;;;;;;;Si;18-08-26;18-08-26;00-01-00;00-01-00;202606710;No;;;;;;;;;
6313;;;;;;;No;18-08-26;00-01-00;;00-01-00;;;;;;;;;;;
6366;;;;;;;Si;18-08-26;18-08-26;00-01-00;00-01-00;202606867;No;;;;;;;;;
6387;;;;;;;No;18-08-26;00-01-00;;00-01-00;;;;;;;;;;;
6168;;;;;;;No;18-08-26;00-01-00;;00-01-00;;;;;;;;;;;
6339;26101923920172;Banco De Bogotá;Cundinamarca;;Enviado;;Si;18-08-26;18-08-26;18-08-26;18-08-26;202606223;Si;No;;;;;;;;
5684;;;;;;;No;18-08-26;00-01-00;;00-01-00;;;;;;;;;;;
6660;;BANCO DE BOGOTA;;;;;Si;18-08-26;18-08-26;00-01-00;00-01-00;202607572;No;;;;;;;;;
6710;;BANCO DE BOGOTA;;;;;Si;18-08-26;18-08-26;00-01-00;00-01-00;202605003;No;;;;;;;;;
6715;;BANCO DE BOGOTA;;;;;Si;18-08-26;18-08-26;00-01-00;00-01-00;202605737;No;;;;;;;;;
6227;;BANCOLOMBIA;;;;;No;18-08-26;00-01-00;;00-01-00;;;;;;;;;;;
6469;;BANCO DE BOGOTA;;;;;No;18-08-26;00-01-00;;00-01-00;;;;;;;;;;;
6089;;VENTANILLA;;;;;No;18-08-26;00-01-00;;00-01-00;;;;;;;;;;;
6352;25101922974250;VENTANILLA;;;Pendiente;;No;18-08-26;00-01-00;;00-01-00;;;;;;;;;;;
6060;;VENTANILLA;;;;;No;18-08-26;00-01-00;;00-01-00;;;;;;;;;;;
6696;;VENTANILLA;;;;;Si;18-08-26;18-08-26;00-01-00;19-08-26;202607603;No;;;;;;;;;
6691;;VENTANILLA;;;;;No;18-08-26;00-01-00;;00-01-00;;;;;;;;;;;
6207;;VENTANILLA;;;;;No;18-08-26;00-01-00;;00-01-00;;;;;;;;;;;
6708;;VENTANILLA;;;;;Si;18-08-26;18-08-26;00-01-00;00-01-00;202607338;No;;;;;;;;;
5942;;VENTANILLA;;;;;No;18-08-26;00-01-00;;00-01-00;;;;;;;;;;;
6247;;VENTANILLA;;;;;No;18-08-26;00-01-00;;00-01-00;;;;;;;;;;;
6380;;VENTANILLA;;;;;No;18-08-26;00-01-00;;00-01-00;;;;;;;;;;;
6424;;VENTANILLA;;;;;Si;18-08-26;18-08-26;00-01-00;00-01-00;202607333;No;;;;;;;;;
6444;;VENTANILLA;;;;;Si;18-08-26;18-08-26;00-01-00;00-01-00;202607210;No;;;;;;;;;
6687;;VENTANILLA;;;;;Si;18-08-26;18-08-26;00-01-00;00-01-00;202607313;No;;;;;;;;;
6707;;VENTANILLA;;;;;Si;18-08-26;18-08-26;00-01-00;00-01-00;202602393;No;;;;;;;;;
6764;;VENTANILLA;;;;;Si;18-08-26;18-08-26;00-01-00;00-01-00;202607915;No;;;;;;;;;
6058;;BANCOLOMBIA;;;;;No;18-08-26;00-01-00;;00-01-00;;;;;;;;;;;
6367;;VENTANILLA;;;;;No;18-08-26;00-01-00;;00-01-00;;;;;;;;;;;
6508;26101923965187;BANCO DE BOGOTA;Cundinamarca; felipecobo25@hotmail.com;Enviado;;Si;18-08-26;19-08-26;19-08-26;00-01-00;;No;;;;;;;;;
6363;;BANCO DE BOGOTA;;;;;Si;18-08-26;18-08-26;00-01-00;00-01-00;202607036;No;;;;;;;;;
6092;;BANCO DE BOGOTA;;;;;No;18-08-26;00-01-00;;00-01-00;;;;;;;;;;;
6479;;BANCO DE BOGOTA;;;;;No;18-08-26;00-01-00;;00-01-00;;;;;;;;;;;
6159;;BANCO DE BOGOTA;;;;;Si;18-08-26;18-08-26;00-01-00;00-01-00;202606125;No;;;;;;;;;
6521;;BANCO DE BOGOTA;;;;;Si;18-08-26;18-08-26;00-01-00;00-01-00;202606942;No;;;;;;;;;
6493;;BANCOLOMBIA;;;;;No;18-08-26;00-01-00;;00-01-00;;;;;;;;;;;
6712;;VENTANILLA;;;;;Si;18-08-26;18-08-26;00-01-00;00-01-00;202607675;No;;;;;;;;;
6450;;VENTANILLA;;;;;Si;18-08-26;18-08-26;00-01-00;00-01-00;202607328;No;;;;;;;;;
6447;;VENTANILLA;;;;;Si;18-08-26;18-08-26;00-01-00;00-01-00;202607377;No;;;;;;;;;
6074;;VENTANILLA;;;;;No;18-08-26;00-01-00;;00-01-00;;;;;;;;;;;
6073;;VENTANILLA;;;;;No;18-08-26;00-01-00;;00-01-00;;;;;;;;;;;
6505;26101923957454;BANCO DE BOGOTA;;;Pendiente;;No;18-08-26;00-01-00;;00-01-00;;;;;;;;;;;
6263;26101923956796;BANCO DE BOGOTA;;;Pendiente;;No;18-08-26;00-01-00;;00-01-00;;;;;;;;;;;
6483;26101923951704;BANCO DE BOGOTA;;;Pendiente;;No;18-08-26;00-01-00;;00-01-00;;;;;;;;;;;
6673;26101923952003;BANCO DE BOGOTA;;;Enviado;;Si;18-08-26;18-08-26;00-01-00;00-01-00;202607733;No;;;;;;;;;
6592;26101923951654;BANCO DE BOGOTA;;;Enviado;;Si;18-08-26;18-08-26;00-01-00;00-01-00;202605621;No;;;;;;;;;
6600;26101923949441;BANCO DE BOGOTA;;;Pendiente;;No;18-08-26;00-01-00;;00-01-00;;;;;;;;;;;
6577;26101923951287;BANCO DE BOGOTA;;;Pendiente;;No;18-08-26;00-01-00;;00-01-00;;;;;;;;;;;
6538;26101923951221;BANCOLOMBIA;;;Enviado;;Si;18-08-26;18-08-26;00-01-00;00-01-00;202607382;No;;;;;;;;;
6042;26101923950964;VENTANILLA;;;Pendiente;;No;18-08-26;00-01-00;;00-01-00;;;;;;;;;;;
5304;26101923943395;BANCO DE BOGOTA;;;Pendiente;;No;18-08-26;00-01-00;;00-01-00;;;;;;;;;;;
6754;25101923059364;VENTANILLA;;;Pendiente;;No;18-08-26;00-01-00;;00-01-00;;;;;;;;;;;
6388;26101923951131;VENTANILLA;;;Pendiente;;No;18-08-26;00-01-00;;00-01-00;;;;;;;;;;;
6636;26101923951083;BANCO DE BOGOTA;;;Pendiente;;No;18-08-26;00-01-00;;00-01-00;;;;;;;;;;;
6321;26101923951601;BANCOLOMBIA;;;Pendiente;;No;18-08-26;00-01-00;;00-01-00;;;;;;;;;;;
6449;26101923950095;BANCO DE BOGOTA;Cundinamarca;;Enviado;;Si;18-08-26;18-08-26;19-08-26;19-08-26;202607464;No;;;;;;;;;
5860;26101923918048;VENTANILLA;;;Pendiente;;No;18-08-26;00-01-00;;00-01-00;;;;;;;;;;;
6571;;;;;;;No;18-08-26;00-01-00;;00-01-00;;;;;;;;;;;
6426;;;;;;;Si;18-08-26;18-08-26;00-01-00;00-01-00;202607269;No;;;;;;;;;
6466;;;;;;;No;18-08-26;00-01-00;;00-01-00;;;;;;;;;;;
6634;;;;;;;No;18-08-26;00-01-00;;00-01-00;;;;;;;;;;;
6676;;;;;;;Si;18-08-26;18-08-26;00-01-00;00-01-00;202607704;No;;;;;;;;;
6530;;;;;;;Si;18-08-26;18-08-26;00-01-00;00-01-00;202607418;No;;;;;;;;;
6694;;;;;;;Si;18-08-26;18-08-26;00-01-00;00-01-00;202607413;No;;;;;;;;;
6683;;;;;;;Si;18-08-26;18-08-26;00-01-00;00-01-00;202607393;No;;;;;;;;;
6209;;;;;;;No;18-08-26;00-01-00;;00-01-00;;;;;;;;;;;
6511;;;;;;;No;18-08-26;00-01-00;;00-01-00;;;;;;;;;;;
6461;;;;;;;No;18-08-26;00-01-00;;00-01-00;;;;;;;;;;;
5853;;;;;;;No;18-08-26;00-01-00;;00-01-00;;;;;;;;;;;
6094;;;;;;;No;18-08-26;00-01-00;;00-01-00;;;;;;;;;;;
6778;;;;;;;Si;18-08-26;18-08-26;00-01-00;00-01-00;202607874;No;;;;;;;;;
6692;;;;;;;No;18-08-26;00-01-00;;00-01-00;;;;;;;;;;;
6700;;;;;;;Si;18-08-26;18-08-26;00-01-00;00-01-00;202606890;No;;;;;;;;;
6065;26101923884247;Venta;;;Enviado;;Si;18-08-26;18-08-26;18-08-26;00-01-00;202606332;No;;;;;;;;;
6719;;;;;;;Si;18-08-26;18-08-26;00-01-00;00-01-00;202607204;No;;;;;;;;;
6785;;;;;;;Si;18-08-26;18-08-26;00-01-00;00-01-00;202607578;No;;;;;;;;;
6471;;;;;;;No;18-08-26;00-01-00;;00-01-00;;;;;;;;;;;
5919;26101923900042;Venta;Cundinamarca;;Pendiente;;No;18-08-26;00-01-00;;00-01-00;;;;SE ENVIA CORREO VENDEDOR;;;;;;;
6054;26101923907370;Venta;Nariño;;Pendiente;;No;18-08-26;00-01-00;;00-01-00;;;;SE ENVIA CORREO COMPRADOR;;;;;;;
5968;26101923921418;Cancelación;Cundinamarca;;Enviado;;Si;18-08-26;19-08-26;19-08-26;00-01-00;;No;;;;;;;;;
5630;26101923913412;Aclaracion;Cundinamarca;;Pendiente;;No;18-08-26;00-01-00;;00-01-00;;;;SE ENVIA CORREO CLIENTE;;;;;;;
5215;26101923917880;Cancelación;Cundinamarca;;Pendiente;;No;18-08-26;00-01-00;;00-01-00;;;;SE ENVIA CORREO A AMBAS PARTES;;;;;;;
5987;26101923917940;Venta;Cundinamarca;;Pendiente;;No;18-08-26;00-01-00;;00-01-00;;;;SE ENVIA CORREO COMPRADOR;;;;;;;
6107;26101923902930;Venta;Boyacá;;Enviado;;Si;18-08-26;18-08-26;00-01-00;00-01-00;202606832;No;;EL CLIENTE YA CANCELO, ESTA PENDIENTE LA VALIDACION DE ROCIO CON EL PAGO INICIAL;;;;;;;
6012;26101923903138;Leasing;Cundinamarca;;Pendiente;;No;18-08-26;00-01-00;;00-01-00;;;;CLIENTE YA ENVIO EL PAGO, PENDIENTE DE VALIDACION CON ROCIO;;;;;;;
5735;26101923853837;Venta;Cundinamarca;;Pendiente;;No;18-08-26;00-01-00;;00-01-00;;;;SE ENVIA CORREO COMPRADOR;;;;;;;
5464;26101923864271;Leasing;Cundinamarca;;Pendiente;;No;18-08-26;00-01-00;;00-01-00;;;;SE ENVIA CORREO ADQUIRIENTE;;;;;;;
5202;26101923812277;Venta;Cundinamarca;;Pendiente;;No;18-08-26;00-01-00;;00-01-00;;;;SE ENVIA CORREO COMPRADOR;;;;;;;
4690;26101923768244;Venta;Cundinamarca;;Pendiente;;No;18-08-26;00-01-00;;00-01-00;;;;SE ENVIO CORREO COMPRADOR, ADICIONAL E ENVIO CORREO INDICANDO EL VENCIMIENTO DEL TRAMITE;;;;;;;
6148;23101921574830;Venta;Cundinamarca;;Enviado;;Si;18-08-26;18-08-26;00-01-00;00-01-00;202606939;No;;SE ENVIO CORREO DE COBRO COMPRADOR;;;;;;;
6113;26101923943450;Venta;Cundinamarca;;Enviado;;Si;18-08-26;18-08-26;20-08-26;00-01-00;202606908;No;;SE ENVIO CORREO DE COBRO COMPRADOR;;;;;;;
10422;26101923506821;Venta;Cundinamarca;;Pendiente;;No;19-08-26;00-01-00;;00-01-00;;;;SE ENVIO CORREO COMPRADOR, ADICIONAL SE ESTUVO ENVIADO CORREOS INDICANDO VENCIMIENTO DEL TRAMITE, ES DEL AÑO PASADO 2025;;;;;;;
12676;26101923759465;Cancelación;Cundinamarca;liliana@pgaconstructores.co;Pendiente;;No;19-08-26;00-01-00;;00-01-00;;;;SE ENVIA CORREO A PGA, ESPECIFICANDO CUANTO DEBE CANCELAR EL CLIENTE Y CUANTO ELLOS, Y SE LES DA EL APROXIMADO DE INTERESES DIARIOS - ES DEL AÑO PASADO 2025;;;;;;;
12677;26101923758884;Cancelación;Cundinamarca;liliana@pgaconstructores.co;Pendiente;;No;19-08-26;00-01-00;;00-01-00;;;;SE ENVIA CORREO A PGA, ESPECIFICANDO CUANTO DEBE CANCELAR EL CLIENTE Y CUANTO ELLOS, Y SE LES DA EL APROXIMADO DE INTERESES DIARIOS, ES DEL AÑO PASADO 2025;;;;;;;
12679;26101923758818;Cancelación;Cundinamarca;liliana@pgaconstructores.co;Pendiente;;No;19-08-26;00-01-00;;00-01-00;;;;SE ENVIA CORREO A PGA, ESPECIFICANDO CUANTO DEBE CANCELAR EL CLIENTE Y CUANTO ELLOS, Y SE LES DA EL APROXIMADO DE INTERESES DIARIOS - ES DEL AÑO PASADO 2025;;;;;;;
6350;26101923928293;;Boyacá;;Enviado;;Si;19-08-26;19-08-26;19-08-26;00-01-00;;No;;;;;;;;;
6345;26101923928661;;Atlantico;;Enviado;;Si;19-08-26;19-08-26;19-08-26;00-01-00;;No;;;;;;;;;
6330;26101923928777;;Atlantico;;Enviado;;Si;19-08-26;19-08-26;19-08-26;00-01-00;;No;;;;;;;;;
5846;26101923887242;;Boyacá;;Enviado;;Si;19-08-26;19-08-26;19-08-26;00-01-00;;No;;;;;;;;;
6186;26101923924552;;Cundinamarca;;Enviado;;Si;19-08-26;19-08-26;19-08-26;00-01-00;;No;;;;;;;;;
5824;26101923924836;;Cundinamarca;;Enviado;;Si;19-08-26;19-08-26;19-08-26;00-01-00;;No;;;;;;;;;
6299;26101923928807;;Cundinamarca;;Enviado;;Si;19-08-26;19-08-26;19-08-26;00-01-00;;No;;;;;;;;;
6384;26101923932778;;Cundinamarca;;Enviado;;Si;19-08-26;19-08-26;19-08-26;00-01-00;;No;;;;;;;;;
5969;26101923936749;;Sucre;;Enviado;;Si;19-08-26;19-08-26;19-08-26;00-01-00;;No;;;;;;;;;
6303;26101923940720;;Magdalena;;Enviado;;Si;19-08-26;19-08-26;19-08-26;00-01-00;;No;;;;;;;;;
6403;26101923944691;;Magdalena;;Enviado;;Si;19-08-26;19-08-26;19-08-26;00-01-00;;No;;;;;;;;;
6125;26101923948662;;Tolima;;Enviado;;Si;19-08-26;19-08-26;19-08-26;00-01-00;;No;;;;;;;;;
6132;26101923952633;;Tolima;;Enviado;;Si;19-08-26;19-08-26;19-08-26;00-01-00;;No;;;;;;;;;
6310;26101923956604;;Tolima;;Enviado;;Si;19-08-26;19-08-26;19-08-26;00-01-00;;No;;;;;;;;;
6287;26101923960575;;Tolima;;Enviado;;Si;19-08-26;19-08-26;19-08-26;00-01-00;;No;;;;;;;;;
5748;26101923964546;;Tolima;;Enviado;;Si;19-08-26;19-08-26;19-08-26;00-01-00;;No;;;;;;;;;
6351;26101923968517;;Tolima;;Enviado;;Si;19-08-26;19-08-26;19-08-26;00-01-00;;No;;;;;;;;;
6371;26101923972488;;Tolima;;Enviado;;Si;19-08-26;19-08-26;19-08-26;00-01-00;;No;;;;;;;;;
5813;26101923976459;;Huila;;Enviado;;Si;19-08-26;19-08-26;19-08-26;00-01-00;;No;;;;;;;;;
6188;26101923980430;;Huila;;Enviado;;Si;19-08-26;19-08-26;19-08-26;00-01-00;;No;;;;;;;;;
6425;26101923984401;;Cundinamarca;;Enviado;;Si;19-08-26;19-08-26;19-08-26;00-01-00;;No;;;;;;;;;
5865;26101923988372;;Boyacá;;Enviado;;Si;19-08-26;19-08-26;19-08-26;00-01-00;;No;;;;;;;;;
5922;26101923992343;;Antioquia;;Enviado;;Si;19-08-26;19-08-26;19-08-26;00-01-00;;No;;;;;;;;;
5839;26101923996314;;Risaralda;;Enviado;;Si;19-08-26;19-08-26;19-08-26;00-01-00;;No;;;;;;;;;
5880;26101924000285;;Risaralda;;Enviado;;Si;19-08-26;19-08-26;19-08-26;00-01-00;;No;;;;;;;;;
6098;26101924004256;;NARIÑO;;Enviado;;Si;19-08-26;19-08-26;19-08-26;00-01-00;;No;;;;;;;;;
6297;26101924008227;;NARIÑO;;Enviado;;Si;19-08-26;19-08-26;19-08-26;00-01-00;;No;;;;;;;;;
6331;26101924012198;;Santander;;Enviado;;Si;19-08-26;19-08-26;19-08-26;00-01-00;;No;;;;;;;;;
6184;26101924016169;;Santander;;Enviado;;Si;19-08-26;19-08-26;19-08-26;00-01-00;;No;;;;;;;;;
6143;26101924020140;;Santander;;Enviado;;Si;19-08-26;19-08-26;19-08-26;00-01-00;;No;;;;;;;;;
5523;26101924024111;;Santander;;Enviado;;Si;19-08-26;19-08-26;19-08-26;00-01-00;;No;;;;;;;;;
6062;26101924028082;;Cundinamarca;;Enviado;;Si;19-08-26;19-08-26;19-08-26;00-01-00;;No;;;;;;;;;
6332;26101924032053;;Cundinamarca;;Enviado;;Si;19-08-26;19-08-26;19-08-26;00-01-00;;No;;;;;;;;;
6302;26101924036024;;Cundinamarca;;Enviado;;Si;19-08-26;19-08-26;19-08-26;00-01-00;;No;;;;;;;;;
6335;26101924039995;;Magdalena;;Enviado;;Si;19-08-26;19-08-26;19-08-26;00-01-00;;No;;;;;;;;;
5113;26101924043966;;Boyacá;;Enviado;;Si;19-08-26;19-08-26;00-01-00;00-01-00;;No;;;;;;;;;
5499;26101924047937;;Boyacá;;Enviado;;Si;;;;00-01-00;;;;;;;;;;;
5814;26101924051908;;Boyacá;;Enviado;;Si;19-08-26;19-08-26;19-08-26;00-01-00;;No;;;;;;;;;
5500;26101924055879;;Risaralda;;Enviado;;Si;19-08-26;19-08-26;19-08-26;00-01-00;;No;;;;;;;;;
6317;26101924059850;;Risaralda;;Enviado;;Si;19-08-26;19-08-26;00-01-00;00-01-00;;No;;;;;;;;;
5450;26101924063821;;N. Santander;;Enviado;;Si;19-08-26;19-08-26;19-08-26;00-01-00;;No;;;;;;;;;
5783;26101924067792;;N. Santander;;Enviado;;Si;19-08-26;19-08-26;00-01-00;00-01-00;;No;;;;;;;;;
5827;26101924071763;;N. Santander;;Enviado;;Si;19-08-26;19-08-26;19-08-26;00-01-00;;No;;;;;;;;;
5953;26101924075734;;N. Santander;;Enviado;;Si;19-08-26;19-08-26;19-08-26;00-01-00;;No;;;;;;;;;
6192;26101924079705;;N. Santander;;Enviado;;Si;19-08-26;19-08-26;19-08-26;00-01-00;;No;;;;;;;;;
6382;26101924083676;;N. Santander;;Enviado;;Si;19-08-26;19-08-26;19-08-26;00-01-00;;No;;;;;;;;;
5746;26101924087647;;Bolivar;;Enviado;;Si;19-08-26;19-08-26;19-08-26;00-01-00;;No;;;;;;;;;
5721;26101924091618;;Bolivar;;Enviado;;Si;19-08-26;19-08-26;19-08-26;00-01-00;;No;;;;;;;;;
5738;26101924095589;;Bolivar;;Enviado;;Si;19-08-26;19-08-26;19-08-26;00-01-00;;No;;;;;;;;;
5601;26101924099560;;Bolivar;;Enviado;;Si;19-08-26;19-08-26;19-08-26;00-01-00;;No;;;;;;;;;
5830;26101924103531;;Bolivar;;Enviado;;Si;19-08-26;19-08-26;19-08-26;00-01-00;;No;;;;;;;;;
5835;26101924107502;;Bolivar;;Enviado;;Si;19-08-26;19-08-26;19-08-26;00-01-00;;No;;;;;;;;;
5972;26101924111473;;Bolivar;;Enviado;;Si;19-08-26;19-08-26;19-08-26;00-01-00;;No;;;;;;;;;
5157;26101924115444;;Bolivar;;Enviado;;Si;19-08-26;19-08-26;19-08-26;00-01-00;;No;;;;;;;;;
6177;26101924119415;;Bolivar;;Enviado;;Si;19-08-26;19-08-26;19-08-26;00-01-00;;No;;;;;;;;;
6201;26101924123386;;Bolivar;;Enviado;;Si;19-08-26;19-08-26;19-08-26;00-01-00;;No;;;;;;;;;
6095;;;;jjqared@gmail.com;;;No;19-08-26;00-01-00;;00-01-00;;;;;;;;;;;
5516;26101923853829;Cancelación;Cundinamarca;;Pendiente;;No;19-08-26;00-01-00;;00-01-00;;;;;;;;;;;
5295;26101923853422;Cancelación;Cundinamarca; buitrago.gabriela@gmail.com;Pendiente;;No;19-08-26;00-01-00;;00-01-00;;;;;;;;;;;
5883;26101923917193;Venta;Cundinamarca;;Enviado;;Si;19-08-26;19-08-26;19-08-26;00-01-00;;No;;;;;;;;;
;;;;;;;;00-01-00;00-01-00;;00-01-00;;;;;;;;;;;
;;;;;;;;00-01-00;00-01-00;;00-01-00;;;;;;;;;;;
;;;;;;;;00-01-00;00-01-00;;00-01-00;;;;;;;;;;;
;;;;;;;;00-01-00;00-01-00;;00-01-00;;;;;;;;;;;
;;;;;;;;00-01-00;00-01-00;;00-01-00;;;;;;;;;;;
;;;;;;;;00-01-00;00-01-00;;00-01-00;;;;;;;;;;;
;;;;;;;;00-01-00;00-01-00;;00-01-00;;;;;;;;;;;
;;;;;;;;00-01-00;00-01-00;;00-01-00;;;;;;;;;;;
;;;;;;;;00-01-00;00-01-00;;00-01-00;;;;;;;;;;;
;;;;;;;;00-01-00;00-01-00;;00-01-00;;;;;;;;;;;
;;;;;;;;00-01-00;00-01-00;;00-01-00;;;;;;;;;;;
;;;;;;;;00-01-00;00-01-00;;00-01-00;;;;;;;;;;;
;;;;;;;;00-01-00;00-01-00;;00-01-00;;;;;;;;;;;
;;;;;;;;00-01-00;00-01-00;;00-01-00;;;;;;;;;;;
;;;;;;;;00-01-00;00-01-00;;00-01-00;;;;;;;;;;;
;;;;;;;;00-01-00;00-01-00;;00-01-00;;;;;;;;;;;
;;;;;;;;00-01-00;00-01-00;;00-01-00;;;;;;;;;;;
;;;;;;;;00-01-00;00-01-00;;00-01-00;;;;;;;;;;;
;;;;;;;;00-01-00;00-01-00;;00-01-00;;;;;;;;;;;
;;;;;;;;00-01-00;00-01-00;;00-01-00;;;;;;;;;;;
;;;;;;;;00-01-00;00-01-00;;00-01-00;;;;;;;;;;;
;;;;;;;;00-01-00;00-01-00;;00-01-00;;;;;;;;;;;
;;;;;;;;00-01-00;00-01-00;;00-01-00;;;;;;;;;;;
;;;;;;;;00-01-00;00-01-00;;00-01-00;;;;;;;;;;;
;;;;;;;;00-01-00;00-01-00;;00-01-00;;;;;;;;;;;
;;;;;;;;00-01-00;00-01-00;;00-01-00;;;;;;;;;;;
;;;;;;;;00-01-00;00-01-00;;00-01-00;;;;;;;;;;;
;;;;;;;;00-01-00;00-01-00;;00-01-00;;;;;;;;;;;
;;;;;;;;00-01-00;00-01-00;;00-01-00;;;;;;;;;;;
;;;;;;;;00-01-00;00-01-00;;00-01-00;;;;;;;;;;;
;;;;;;;;00-01-00;00-01-00;;00-01-00;;;;;;;;;;;
;;;;;;;;00-01-00;00-01-00;;00-01-00;;;;;;;;;;;
;;;;;;;;00-01-00;00-01-00;;00-01-00;;;;;;;;;;;
;;;;;;;;00-01-00;00-01-00;;00-01-00;;;;;;;;;;;
;;;;;;;;00-01-00;00-01-00;;00-01-00;;;;;;;;;;;
;;;;;;;;00-01-00;00-01-00;;00-01-00;;;;;;;;;;;
;;;;;;;;00-01-00;00-01-00;;00-01-00;;;;;;;;;;;
;;;;;;;;00-01-00;00-01-00;;00-01-00;;;;;;;;;;;
;;;;;;;;00-01-00;00-01-00;;00-01-00;;;;;;;;;;;
;;;;;;;;00-01-00;00-01-00;;00-01-00;;;;;;;;;;;
;;;;;;;;00-01-00;00-01-00;;00-01-00;;;;;;;;;;;
;;;;;;;;00-01-00;00-01-00;;00-01-00;;;;;;;;;;;
;;;;;;;;00-01-00;00-01-00;;00-01-00;;;;;;;;;;;
;;;;;;;;00-01-00;00-01-00;;00-01-00;;;;;;;;;;;
;;;;;;;;00-01-00;00-01-00;;00-01-00;;;;;;;;;;;
;;;;;;;;00-01-00;00-01-00;;00-01-00;;;;;;;;;;;
;;;;;;;;00-01-00;00-01-00;;00-01-00;;;;;;;;;;;
;;;;;;;;00-01-00;00-01-00;;00-01-00;;;;;;;;;;;
;;;;;;;;00-01-00;00-01-00;;00-01-00;;;;;;;;;;;
;;;;;;;;00-01-00;00-01-00;;00-01-00;;;;;;;;;;;
;;;;;;;;00-01-00;00-01-00;;00-01-00;;;;;;;;;;;
;;;;;;;;00-01-00;00-01-00;;00-01-00;;;;;;;;;;;
;;;;;;;;00-01-00;00-01-00;;00-01-00;;;;;;;;;;;
;;;;;;;;00-01-00;00-01-00;;00-01-00;;;;;;;;;;;
;;;;;;;;00-01-00;00-01-00;;00-01-00;;;;;;;;;;;
;;;;;;;;00-01-00;00-01-00;;00-01-00;;;;;;;;;;;
;;;;;;;;00-01-00;00-01-00;;00-01-00;;;;;;;;;;;
;;;;;;;;00-01-00;00-01-00;;00-01-00;;;;;;;;;;;
;;;;;;;;00-01-00;00-01-00;;00-01-00;;;;;;;;;;;
;;;;;;;;00-01-00;00-01-00;;00-01-00;;;;;;;;;;;
;;;;;;;;00-01-00;00-01-00;;00-01-00;;;;;;;;;;;
;;;;;;;;00-01-00;00-01-00;;00-01-00;;;;;;;;;;;
;;;;;;;;00-01-00;00-01-00;;00-01-00;;;;;;;;;;;
;;;;;;;;00-01-00;00-01-00;;00-01-00;;;;;;;;;;;
;;;;;;;;00-01-00;00-01-00;;00-01-00;;;;;;;;;;;
;;;;;;;;00-01-00;00-01-00;;00-01-00;;;;;;;;;;;
;;;;;;;;00-01-00;00-01-00;;00-01-00;;;;;;;;;;;
;;;;;;;;00-01-00;00-01-00;;00-01-00;;;;;;;;;;;
;;;;;;;;00-01-00;00-01-00;;00-01-00;;;;;;;;;;;
;;;;;;;;00-01-00;00-01-00;;00-01-00;;;;;;;;;;;
;;;;;;;;00-01-00;00-01-00;;00-01-00;;;;;;;;;;;
;;;;;;;;00-01-00;00-01-00;;00-01-00;;;;;;;;;;;
;;;;;;;;00-01-00;00-01-00;;00-01-00;;;;;;;;;;;
;;;;;;;;00-01-00;00-01-00;;00-01-00;;;;;;;;;;;
;;;;;;;;00-01-00;00-01-00;;00-01-00;;;;;;;;;;;
;;;;;;;;00-01-00;00-01-00;;00-01-00;;;;;;;;;;;
;;;;;;;;00-01-00;00-01-00;;00-01-00;;;;;;;;;;;
;;;;;;;;00-01-00;00-01-00;;00-01-00;;;;;;;;;;;
;;;;;;;;00-01-00;00-01-00;;00-01-00;;;;;;;;;;;
;;;;;;;;00-01-00;00-01-00;;00-01-00;;;;;;;;;;;
;;;;;;;;00-01-00;00-01-00;;00-01-00;;;;;;;;;;;
;;;;;;;;00-01-00;00-01-00;;00-01-00;;;;;;;;;;;
;;;;;;;;00-01-00;00-01-00;;00-01-00;;;;;;;;;;;
;;;;;;;;00-01-00;00-01-00;;00-01-00;;;;;;;;;;;
;;;;;;;;00-01-00;00-01-00;;00-01-00;;;;;;;;;;;
;;;;;;;;00-01-00;00-01-00;;00-01-00;;;;;;;;;;;
;;;;;;;;00-01-00;00-01-00;;00-01-00;;;;;;;;;;;
;;;;;;;;00-01-00;00-01-00;;00-01-00;;;;;;;;;;;
;;;;;;;;00-01-00;00-01-00;;00-01-00;;;;;;;;;;;
;;;;;;;;00-01-00;00-01-00;;00-01-00;;;;;;;;;;;
;;;;;;;;00-01-00;00-01-00;;00-01-00;;;;;;;;;;;
;;;;;;;;00-01-00;00-01-00;;00-01-00;;;;;;;;;;;
;;;;;;;;00-01-00;00-01-00;;00-01-00;;;;;;;;;;;
;;;;;;;;00-01-00;00-01-00;;00-01-00;;;;;;;;;;;
;;;;;;;;00-01-00;00-01-00;;00-01-00;;;;;;;;;;;
;;;;;;;;00-01-00;00-01-00;;00-01-00;;;;;;;;;;;
;;;;;;;;00-01-00;00-01-00;;00-01-00;;;;;;;;;;;
;;;;;;;;00-01-00;00-01-00;;00-01-00;;;;;;;;;;;
;;;;;;;;00-01-00;00-01-00;;00-01-00;;;;;;;;;;;
;;;;;;;;00-01-00;00-01-00;;00-01-00;;;;;;;;;;;
;;;;;;;;00-01-00;00-01-00;;00-01-00;;;;;;;;;;;
;;;;;;;;00-01-00;00-01-00;;00-01-00;;;;;;;;;;;
;;;;;;;;00-01-00;00-01-00;;00-01-00;;;;;;;;;;;
;;;;;;;;00-01-00;00-01-00;;00-01-00;;;;;;;;;;;
;;;;;;;;00-01-00;00-01-00;;00-01-00;;;;;;;;;;;
;;;;;;;;00-01-00;00-01-00;;00-01-00;;;;;;;;;;;
;;;;;;;;00-01-00;00-01-00;;00-01-00;;;;;;;;;;;
;;;;;;;;00-01-00;00-01-00;;00-01-00;;;;;;;;;;;
;;;;;;;;00-01-00;00-01-00;;00-01-00;;;;;;;;;;;
;;;;;;;;00-01-00;00-01-00;;00-01-00;;;;;;;;;;;
;;;;;;;;00-01-00;00-01-00;;00-01-00;;;;;;;;;;;
;;;;;;;;00-01-00;00-01-00;;00-01-00;;;;;;;;;;;
;;;;;;;;00-01-00;00-01-00;;00-01-00;;;;;;;;;;;
;;;;;;;;00-01-00;00-01-00;;00-01-00;;;;;;;;;;;
;;;;;;;;00-01-00;00-01-00;;00-01-00;;;;;;;;;;;
;;;;;;;;00-01-00;00-01-00;;00-01-00;;;;;;;;;;;
;;;;;;;;00-01-00;00-01-00;;00-01-00;;;;;;;;;;;
;;;;;;;;00-01-00;00-01-00;;00-01-00;;;;;;;;;;;
;;;;;;;;00-01-00;00-01-00;;00-01-00;;;;;;;;;;;
;;;;;;;;00-01-00;00-01-00;;00-01-00;;;;;;;;;;;
;;;;;;;;00-01-00;00-01-00;;00-01-00;;;;;;;;;;;
;;;;;;;;00-01-00;00-01-00;;00-01-00;;;;;;;;;;;
;;;;;;;;00-01-00;00-01-00;;00-01-00;;;;;;;;;;;
;;;;;;;;00-01-00;00-01-00;;00-01-00;;;;;;;;;;;
;;;;;;;;00-01-00;00-01-00;;00-01-00;;;;;;;;;;;
;;;;;;;;00-01-00;00-01-00;;00-01-00;;;;;;;;;;;
;;;;;;;;00-01-00;00-01-00;;00-01-00;;;;;;;;;;;
;;;;;;;;00-01-00;00-01-00;;00-01-00;;;;;;;;;;;
;;;;;;;;00-01-00;00-01-00;;00-01-00;;;;;;;;;;;
;;;;;;;;00-01-00;00-01-00;;00-01-00;;;;;;;;;;;
;;;;;;;;00-01-00;00-01-00;;00-01-00;;;;;;;;;;;
;;;;;;;;00-01-00;00-01-00;;00-01-00;;;;;;;;;;;
;;;;;;;;00-01-00;00-01-00;;00-01-00;;;;;;;;;;;
;;;;;;;;00-01-00;00-01-00;;00-01-00;;;;;;;;;;;
;;;;;;;;00-01-00;00-01-00;;00-01-00;;;;;;;;;;;
;;;;;;;;00-01-00;00-01-00;;00-01-00;;;;;;;;;;;
;;;;;;;;00-01-00;00-01-00;;00-01-00;;;;;;;;;;;
;;;;;;;;00-01-00;00-01-00;;00-01-00;;;;;;;;;;;
;;;;;;;;00-01-00;00-01-00;;00-01-00;;;;;;;;;;;
;;;;;;;;00-01-00;00-01-00;;00-01-00;;;;;;;;;;;
;;;;;;;;00-01-00;00-01-00;;00-01-00;;;;;;;;;;;
;;;;;;;;00-01-00;00-01-00;;00-01-00;;;;;;;;;;;
;;;;;;;;00-01-00;00-01-00;;00-01-00;;;;;;;;;;;
;;;;;;;;00-01-00;00-01-00;;00-01-00;;;;;;;;;;;
;;;;;;;;00-01-00;00-01-00;;00-01-00;;;;;;;;;;;
;;;;;;;;00-01-00;00-01-00;;00-01-00;;;;;;;;;;;
;;;;;;;;00-01-00;00-01-00;;00-01-00;;;;;;;;;;;
;;;;;;;;00-01-00;00-01-00;;00-01-00;;;;;;;;;;;
;;;;;;;;00-01-00;00-01-00;;00-01-00;;;;;;;;;;;
;;;;;;;;00-01-00;00-01-00;;00-01-00;;;;;;;;;;;
;;;;;;;;00-01-00;00-01-00;;00-01-00;;;;;;;;;;;
;;;;;;;;00-01-00;00-01-00;;00-01-00;;;;;;;;;;;
;;;;;;;;00-01-00;00-01-00;;00-01-00;;;;;;;;;;;
;;;;;;;;00-01-00;00-01-00;;00-01-00;;;;;;;;;;;
;;;;;;;;00-01-00;00-01-00;;00-01-00;;;;;;;;;;;
;;;;;;;;00-01-00;00-01-00;;00-01-00;;;;;;;;;;;
;;;;;;;;00-01-00;00-01-00;;00-01-00;;;;;;;;;;;
;;;;;;;;00-01-00;00-01-00;;00-01-00;;;;;;;;;;;
;;;;;;;;00-01-00;00-01-00;;00-01-00;;;;;;;;;;;
;;;;;;;;00-01-00;00-01-00;;00-01-00;;;;;;;;;;;
;;;;;;;;00-01-00;00-01-00;;00-01-00;;;;;;;;;;;
;;;;;;;;00-01-00;00-01-00;;00-01-00;;;;;;;;;;;
;;;;;;;;00-01-00;00-01-00;;00-01-00;;;;;;;;;;;
;;;;;;;;00-01-00;00-01-00;;00-01-00;;;;;;;;;;;
;;;;;;;;00-01-00;00-01-00;;00-01-00;;;;;;;;;;;
;;;;;;;;00-01-00;00-01-00;;00-01-00;;;;;;;;;;;
;;;;;;;;00-01-00;00-01-00;;00-01-00;;;;;;;;;;;
;;;;;;;;00-01-00;00-01-00;;00-01-00;;;;;;;;;;;
;;;;;;;;00-01-00;00-01-00;;00-01-00;;;;;;;;;;;
;;;;;;;;00-01-00;00-01-00;;00-01-00;;;;;;;;;;;
;;;;;;;;00-01-00;00-01-00;;00-01-00;;;;;;;;;;;
;;;;;;;;00-01-00;00-01-00;;00-01-00;;;;;;;;;;;
;;;;;;;;00-01-00;00-01-00;;00-01-00;;;;;;;;;;;
;;;;;;;;00-01-00;00-01-00;;00-01-00;;;;;;;;;;;
;;;;;;;;00-01-00;00-01-00;;00-01-00;;;;;;;;;;;
;;;;;;;;00-01-00;00-01-00;;00-01-00;;;;;;;;;;;
;;;;;;;;00-01-00;00-01-00;;00-01-00;;;;;;;;;;;
;;;;;;;;00-01-00;00-01-00;;00-01-00;;;;;;;;;;;
;;;;;;;;00-01-00;00-01-00;;00-01-00;;;;;;;;;;;
;;;;;;;;00-01-00;00-01-00;;00-01-00;;;;;;;;;;;
;;;;;;;;00-01-00;00-01-00;;00-01-00;;;;;;;;;;;
;;;;;;;;00-01-00;00-01-00;;00-01-00;;;;;;;;;;;
;;;;;;;;00-01-00;00-01-00;;00-01-00;;;;;;;;;;;
;;;;;;;;00-01-00;00-01-00;;00-01-00;;;;;;;;;;;
;;;;;;;;00-01-00;00-01-00;;00-01-00;;;;;;;;;;;
;;;;;;;;00-01-00;00-01-00;;00-01-00;;;;;;;;;;;
;;;;;;;;00-01-00;00-01-00;;00-01-00;;;;;;;;;;;
;;;;;;;;00-01-00;00-01-00;;00-01-00;;;;;;;;;;;
;;;;;;;;00-01-00;00-01-00;;00-01-00;;;;;;;;;;;
;;;;;;;;00-01-00;00-01-00;;00-01-00;;;;;;;;;;;
;;;;;;;;00-01-00;00-01-00;;00-01-00;;;;;;;;;;;
;;;;;;;;00-01-00;00-01-00;;00-01-00;;;;;;;;;;;
;;;;;;;;00-01-00;00-01-00;;00-01-00;;;;;;;;;;;
;;;;;;;;00-01-00;00-01-00;;00-01-00;;;;;;;;;;;
;;;;;;;;00-01-00;00-01-00;;00-01-00;;;;;;;;;;;
;;;;;;;;00-01-00;00-01-00;;00-01-00;;;;;;;;;;;
;;;;;;;;00-01-00;00-01-00;;00-01-00;;;;;;;;;;;
;;;;;;;;00-01-00;00-01-00;;00-01-00;;;;;;;;;;;
;;;;;;;;00-01-00;00-01-00;;00-01-00;;;;;;;;;;;
;;;;;;;;00-01-00;00-01-00;;00-01-00;;;;;;;;;;;
;;;;;;;;00-01-00;00-01-00;;00-01-00;;;;;;;;;;;
;;;;;;;;00-01-00;00-01-00;;00-01-00;;;;;;;;;;;
;;;;;;;;00-01-00;00-01-00;;00-01-00;;;;;;;;;;;
;;;;;;;;00-01-00;00-01-00;;00-01-00;;;;;;;;;;;
;;;;;;;;00-01-00;00-01-00;;00-01-00;;;;;;;;;;;
;;;;;;;;00-01-00;00-01-00;;00-01-00;;;;;;;;;;;
;;;;;;;;00-01-00;00-01-00;;00-01-00;;;;;;;;;;;
;;;;;;;;00-01-00;00-01-00;;00-01-00;;;;;;;;;;;
;;;;;;;;00-01-00;00-01-00;;00-01-00;;;;;;;;;;;
;;;;;;;;00-01-00;00-01-00;;00-01-00;;;;;;;;;;;
;;;;;;;;00-01-00;00-01-00;;00-01-00;;;;;;;;;;;
;;;;;;;;00-01-00;00-01-00;;00-01-00;;;;;;;;;;;
;;;;;;;;00-01-00;00-01-00;;00-01-00;;;;;;;;;;;
;;;;;;;;00-01-00;00-01-00;;00-01-00;;;;;;;;;;;
;;;;;;;;00-01-00;00-01-00;;00-01-00;;;;;;;;;;;
;;;;;;;;00-01-00;00-01-00;;00-01-00;;;;;;;;;;;
;;;;;;;;00-01-00;00-01-00;;00-01-00;;;;;;;;;;;
;;;;;;;;00-01-00;00-01-00;;00-01-00;;;;;;;;;;;
;;;;;;;;00-01-00;00-01-00;;00-01-00;;;;;;;;;;;
;;;;;;;;00-01-00;00-01-00;;00-01-00;;;;;;;;;;;
;;;;;;;;00-01-00;00-01-00;;00-01-00;;;;;;;;;;;
;;;;;;;;00-01-00;00-01-00;;00-01-00;;;;;;;;;;;
;;;;;;;;00-01-00;00-01-00;;00-01-00;;;;;;;;;;;
;;;;;;;;00-01-00;00-01-00;;00-01-00;;;;;;;;;;;
;;;;;;;;00-01-00;00-01-00;;00-01-00;;;;;;;;;;;
;;;;;;;;00-01-00;00-01-00;;00-01-00;;;;;;;;;;;
;;;;;;;;00-01-00;00-01-00;;00-01-00;;;;;;;;;;;
;;;;;;;;00-01-00;00-01-00;;00-01-00;;;;;;;;;;;
;;;;;;;;00-01-00;00-01-00;;00-01-00;;;;;;;;;;;
;;;;;;;;00-01-00;00-01-00;;00-01-00;;;;;;;;;;;
;;;;;;;;00-01-00;00-01-00;;00-01-00;;;;;;;;;;;
;;;;;;;;00-01-00;00-01-00;;00-01-00;;;;;;;;;;;
;;;;;;;;00-01-00;00-01-00;;00-01-00;;;;;;;;;;;
;;;;;;;;00-01-00;00-01-00;;00-01-00;;;;;;;;;;;
;;;;;;;;00-01-00;00-01-00;;00-01-00;;;;;;;;;;;
;;;;;;;;00-01-00;00-01-00;;00-01-00;;;;;;;;;;;
;;;;;;;;00-01-00;00-01-00;;00-01-00;;;;;;;;;;;
;;;;;;;;00-01-00;00-01-00;;00-01-00;;;;;;;;;;;
;;;;;;;;00-01-00;00-01-00;;00-01-00;;;;;;;;;;;
;;;;;;;;00-01-00;00-01-00;;00-01-00;;;;;;;;;;;
;;;;;;;;00-01-00;00-01-00;;00-01-00;;;;;;;;;;;
;;;;;;;;00-01-00;00-01-00;;00-01-00;;;;;;;;;;;
;;;;;;;;00-01-00;00-01-00;;00-01-00;;;;;;;;;;;
;;;;;;;;00-01-00;00-01-00;;00-01-00;;;;;;;;;;;
;;;;;;;;00-01-00;00-01-00;;00-01-00;;;;;;;;;;;
;;;;;;;;00-01-00;00-01-00;;00-01-00;;;;;;;;;;;
;;;;;;;;00-01-00;00-01-00;;00-01-00;;;;;;;;;;;
;;;;;;;;00-01-00;00-01-00;;00-01-00;;;;;;;;;;;
;;;;;;;;00-01-00;00-01-00;;00-01-00;;;;;;;;;;;
;;;;;;;;00-01-00;00-01-00;;00-01-00;;;;;;;;;;;
;;;;;;;;00-01-00;00-01-00;;00-01-00;;;;;;;;;;;
;;;;;;;;00-01-00;00-01-00;;00-01-00;;;;;;;;;;;
;;;;;;;;00-01-00;00-01-00;;00-01-00;;;;;;;;;;;
;;;;;;;;00-01-00;00-01-00;;00-01-00;;;;;;;;;;;
;;;;;;;;00-01-00;00-01-00;;00-01-00;;;;;;;;;;;
;;;;;;;;00-01-00;00-01-00;;00-01-00;;;;;;;;;;;
;;;;;;;;00-01-00;00-01-00;;00-01-00;;;;;;;;;;;
;;;;;;;;00-01-00;00-01-00;;00-01-00;;;;;;;;;;;
;;;;;;;;00-01-00;00-01-00;;00-01-00;;;;;;;;;;;
;;;;;;;;00-01-00;00-01-00;;00-01-00;;;;;;;;;;;
;;;;;;;;00-01-00;00-01-00;;00-01-00;;;;;;;;;;;
;;;;;;;;00-01-00;00-01-00;;00-01-00;;;;;;;;;;;
;;;;;;;;00-01-00;00-01-00;;00-01-00;;;;;;;;;;;
;;;;;;;;00-01-00;00-01-00;;00-01-00;;;;;;;;;;;
;;;;;;;;00-01-00;00-01-00;;00-01-00;;;;;;;;;;;
;;;;;;;;00-01-00;00-01-00;;00-01-00;;;;;;;;;;;
;;;;;;;;00-01-00;00-01-00;;00-01-00;;;;;;;;;;;
;;;;;;;;00-01-00;00-01-00;;00-01-00;;;;;;;;;;;
;;;;;;;;00-01-00;00-01-00;;00-01-00;;;;;;;;;;;
;;;;;;;;00-01-00;00-01-00;;00-01-00;;;;;;;;;;;
;;;;;;;;00-01-00;00-01-00;;00-01-00;;;;;;;;;;;
;;;;;;;;00-01-00;00-01-00;;00-01-00;;;;;;;;;;;
;;;;;;;;00-01-00;00-01-00;;00-01-00;;;;;;;;;;;
;;;;;;;;00-01-00;00-01-00;;00-01-00;;;;;;;;;;;
;;;;;;;;00-01-00;00-01-00;;00-01-00;;;;;;;;;;;
;;;;;;;;00-01-00;00-01-00;;00-01-00;;;;;;;;;;;
;;;;;;;;00-01-00;00-01-00;;00-01-00;;;;;;;;;;;
;;;;;;;;00-01-00;00-01-00;;00-01-00;;;;;;;;;;;
;;;;;;;;00-01-00;00-01-00;;00-01-00;;;;;;;;;;;
;;;;;;;;00-01-00;00-01-00;;00-01-00;;;;;;;;;;;
;;;;;;;;00-01-00;00-01-00;;00-01-00;;;;;;;;;;;
;;;;;;;;00-01-00;00-01-00;;00-01-00;;;;;;;;;;;
;;;;;;;;00-01-00;00-01-00;;00-01-00;;;;;;;;;;;
;;;;;;;;00-01-00;00-01-00;;00-01-00;;;;;;;;;;;
;;;;;;;;00-01-00;00-01-00;;00-01-00;;;;;;;;;;;
;;;;;;;;00-01-00;00-01-00;;00-01-00;;;;;;;;;;;
;;;;;;;;00-01-00;00-01-00;;00-01-00;;;;;;;;;;;
;;;;;;;;00-01-00;00-01-00;;00-01-00;;;;;;;;;;;
;;;;;;;;00-01-00;00-01-00;;00-01-00;;;;;;;;;;;
;;;;;;;;00-01-00;00-01-00;;00-01-00;;;;;;;;;;;
;;;;;;;;00-01-00;00-01-00;;00-01-00;;;;;;;;;;;
;;;;;;;;00-01-00;00-01-00;;00-01-00;;;;;;;;;;;
;;;;;;;;00-01-00;00-01-00;;00-01-00;;;;;;;;;;;
;;;;;;;;00-01-00;00-01-00;;00-01-00;;;;;;;;;;;
;;;;;;;;00-01-00;00-01-00;;00-01-00;;;;;;;;;;;
;;;;;;;;00-01-00;00-01-00;;00-01-00;;;;;;;;;;;
;;;;;;;;00-01-00;00-01-00;;00-01-00;;;;;;;;;;;
;;;;;;;;00-01-00;00-01-00;;00-01-00;;;;;;;;;;;
;;;;;;;;00-01-00;00-01-00;;00-01-00;;;;;;;;;;;
;;;;;;;;00-01-00;00-01-00;;00-01-00;;;;;;;;;;;
;;;;;;;;00-01-00;00-01-00;;00-01-00;;;;;;;;;;;
;;;;;;;;00-01-00;00-01-00;;00-01-00;;;;;;;;;;;
;;;;;;;;00-01-00;00-01-00;;00-01-00;;;;;;;;;;;
;;;;;;;;00-01-00;00-01-00;;00-01-00;;;;;;;;;;;
;;;;;;;;00-01-00;00-01-00;;00-01-00;;;;;;;;;;;
;;;;;;;;00-01-00;00-01-00;;00-01-00;;;;;;;;;;;
;;;;;;;;00-01-00;00-01-00;;00-01-00;;;;;;;;;;;
;;;;;;;;00-01-00;00-01-00;;00-01-00;;;;;;;;;;;
;;;;;;;;00-01-00;00-01-00;;00-01-00;;;;;;;;;;;
;;;;;;;;00-01-00;16-08-26;;00-01-00;;;;;;;;;;;
;;;;;;;;00-01-00;00-01-00;;00-01-00;;;;;;;;;;;
;;;;;;;;00-01-00;00-01-00;;00-01-00;;;;;;;;;;;
;;;;;;;;00-01-00;00-01-00;;00-01-00;;;;;;;;;;;
;;;;;;;;00-01-00;00-01-00;;00-01-00;;;;;;;;;;;
;;;;;;;;00-01-00;00-01-00;;00-01-00;;;;;;;;;;;
;;;;;;;;00-01-00;00-01-00;;00-01-00;;;;;;;;;;;
;;;;;;;;00-01-00;00-01-00;;00-01-00;;;;;;;;;;;
;;;;;;;;00-01-00;00-01-00;;00-01-00;;;;;;;;;;;
;;;;;;;;00-01-00;00-01-00;;00-01-00;;;;;;;;;;;
;;;;;;;;00-01-00;00-01-00;;00-01-00;;;;;;;;;;;
;;;;;;;;00-01-00;00-01-00;;00-01-00;;;;;;;;;;;
;;;;;;;;00-01-00;00-01-00;;00-01-00;;;;;;;;;;;
;;;;;;;;00-01-00;00-01-00;;00-01-00;;;;;;;;;;;
;;;;;;;;00-01-00;00-01-00;;00-01-00;;;;;;;;;;;
;;;;;;;;00-01-00;00-01-00;;00-01-00;;;;;;;;;;;
;;;;;;;;00-01-00;00-01-00;;00-01-00;;;;;;;;;;;
;;;;;;;;00-01-00;00-01-00;;00-01-00;;;;;;;;;;;
;;;;;;;;00-01-00;00-01-00;;00-01-00;;;;;;;;;;;
;;;;;;;;00-01-00;00-01-00;;00-01-00;;;;;;;;;;;
;;;;;;;;00-01-00;00-01-00;;00-01-00;;;;;;;;;;;
;;;;;;;;00-01-00;00-01-00;;00-01-00;;;;;;;;;;;
;;;;;;;;00-01-00;00-01-00;;00-01-00;;;;;;;;;;;
;;;;;;;;00-01-00;00-01-00;;00-01-00;;;;;;;;;;;
;;;;;;;;00-01-00;00-01-00;;00-01-00;;;;;;;;;;;
;;;;;;;;00-01-00;00-01-00;;00-01-00;;;;;;;;;;;
;;;;;;;;00-01-00;00-01-00;;00-01-00;;;;;;;;;;;
;;;;;;;;00-01-00;00-01-00;;00-01-00;;;;;;;;;;;
;;;;;;;;00-01-00;00-01-00;;00-01-00;;;;;;;;;;;
;;;;;;;;00-01-00;00-01-00;;00-01-00;;;;;;;;;;;
;;;;;;;;00-01-00;00-01-00;;00-01-00;;;;;;;;;;;
;;;;;;;;00-01-00;00-01-00;;00-01-00;;;;;;;;;;;
;;;;;;;;00-01-00;00-01-00;;00-01-00;;;;;;;;;;;
;;;;;;;;00-01-00;00-01-00;;00-01-00;;;;;;;;;;;
;;;;;;;;00-01-00;00-01-00;;00-01-00;;;;;;;;;;;
;;;;;;;;00-01-00;00-01-00;;00-01-00;;;;;;;;;;;
;;;;;;;;00-01-00;00-01-00;;00-01-00;;;;;;;;;;;
;;;;;;;;00-01-00;00-01-00;;00-01-00;;;;;;;;;;;
;;;;;;;;00-01-00;00-01-00;;00-01-00;;;;;;;;;;;
;;;;;;;;00-01-00;00-01-00;;00-01-00;;;;;;;;;;;
;;;;;;;;00-01-00;00-01-00;;00-01-00;;;;;;;;;;;
;;;;;;;;00-01-00;00-01-00;;00-01-00;;;;;;;;;;;
;;;;;;;;00-01-00;00-01-00;;00-01-00;;;;;;;;;;;
;;;;;;;;00-01-00;00-01-00;;00-01-00;;;;;;;;;;;
;;;;;;;;00-01-00;00-01-00;;00-01-00;;;;;;;;;;;
;;;;;;;;00-01-00;00-01-00;;00-01-00;;;;;;;;;;;
;;;;;;;;00-01-00;00-01-00;;00-01-00;;;;;;;;;;;
;;;;;;;;00-01-00;00-01-00;;00-01-00;;;;;;;;;;;
;;;;;;;;00-01-00;00-01-00;;00-01-00;;;;;;;;;;;
;;;;;;;;00-01-00;00-01-00;;00-01-00;;;;;;;;;;;
;;;;;;;;00-01-00;00-01-00;;00-01-00;;;;;;;;;;;
;;;;;;;;00-01-00;00-01-00;;00-01-00;;;;;;;;;;;
;;;;;;;;00-01-00;00-01-00;;00-01-00;;;;;;;;;;;
;;;;;;;;00-01-00;00-01-00;;00-01-00;;;;;;;;;;;
;;;;;;;;00-01-00;00-01-00;;00-01-00;;;;;;;;;;;
;;;;;;;;00-01-00;00-01-00;;00-01-00;;;;;;;;;;;
;;;;;;;;00-01-00;00-01-00;;00-01-00;;;;;;;;;;;
;;;;;;;;00-01-00;00-01-00;;00-01-00;;;;;;;;;;;
;;;;;;;;00-01-00;00-01-00;;00-01-00;;;;;;;;;;;
;;;;;;;;00-01-00;00-01-00;;00-01-00;;;;;;;;;;;
;;;;;;;;00-01-00;00-01-00;;00-01-00;;;;;;;;;;;
;;;;;;;;00-01-00;00-01-00;;00-01-00;;;;;;;;;;;
;;;;;;;;00-01-00;00-01-00;;00-01-00;;;;;;;;;;;
;;;;;;;;00-01-00;00-01-00;;00-01-00;;;;;;;;;;;
;;;;;;;;00-01-00;00-01-00;;00-01-00;;;;;;;;;;;
;;;;;;;;00-01-00;00-01-00;;00-01-00;;;;;;;;;;;
;;;;;;;;00-01-00;00-01-00;;00-01-00;;;;;;;;;;;
;;;;;;;;00-01-00;00-01-00;;00-01-00;;;;;;;;;;;
;;;;;;;;00-01-00;00-01-00;;00-01-00;;;;;;;;;;;
;;;;;;;;00-01-00;00-01-00;;00-01-00;;;;;;;;;;;
;;;;;;;;00-01-00;00-01-00;;00-01-00;;;;;;;;;;;
;;;;;;;;00-01-00;00-01-00;;00-01-00;;;;;;;;;;;
;;;;;;;;00-01-00;00-01-00;;00-01-00;;;;;;;;;;;
;;;;;;;;00-01-00;00-01-00;;00-01-00;;;;;;;;;;;
;;;;;;;;00-01-00;00-01-00;;00-01-00;;;;;;;;;;;
;;;;;;;;00-01-00;00-01-00;;00-01-00;;;;;;;;;;;
;;;;;;;;00-01-00;00-01-00;;00-01-00;;;;;;;;;;;
;;;;;;;;00-01-00;00-01-00;;00-01-00;;;;;;;;;;;
;;;;;;;;00-01-00;00-01-00;;00-01-00;;;;;;;;;;;
;;;;;;;;00-01-00;00-01-00;;00-01-00;;;;;;;;;;;
;;;;;;;;00-01-00;00-01-00;;00-01-00;;;;;;;;;;;
;;;;;;;;00-01-00;00-01-00;;00-01-00;;;;;;;;;;;
;;;;;;;;00-01-00;00-01-00;;00-01-00;;;;;;;;;;;
;;;;;;;;00-01-00;00-01-00;;00-01-00;;;;;;;;;;;
;;;;;;;;00-01-00;00-01-00;;00-01-00;;;;;;;;;;;
;;;;;;;;00-01-00;00-01-00;;00-01-00;;;;;;;;;;;
;;;;;;;;00-01-00;00-01-00;;00-01-00;;;;;;;;;;;
;;;;;;;;00-01-00;00-01-00;;00-01-00;;;;;;;;;;;
;;;;;;;;00-01-00;00-01-00;;00-01-00;;;;;;;;;;;
;;;;;;;;00-01-00;00-01-00;;00-01-00;;;;;;;;;;;
;;;;;;;;00-01-00;00-01-00;;00-01-00;;;;;;;;;;;
;;;;;;;;00-01-00;00-01-00;;00-01-00;;;;;;;;;;;
;;;;;;;;00-01-00;00-01-00;;00-01-00;;;;;;;;;;;
;;;;;;;;00-01-00;00-01-00;;00-01-00;;;;;;;;;;;
;;;;;;;;00-01-00;00-01-00;;00-01-00;;;;;;;;;;;
;;;;;;;;00-01-00;00-01-00;;00-01-00;;;;;;;;;;;
;;;;;;;;00-01-00;00-01-00;;00-01-00;;;;;;;;;;;
;;;;;;;;00-01-00;00-01-00;;00-01-00;;;;;;;;;;;
;;;;;;;;00-01-00;00-01-00;;00-01-00;;;;;;;;;;;
;;;;;;;;00-01-00;00-01-00;;00-01-00;;;;;;;;;;;
;;;;;;;;00-01-00;00-01-00;;00-01-00;;;;;;;;;;;
;;;;;;;;00-01-00;00-01-00;;00-01-00;;;;;;;;;;;
;;;;;;;;00-01-00;00-01-00;;00-01-00;;;;;;;;;;;
;;;;;;;;00-01-00;00-01-00;;00-01-00;;;;;;;;;;;
;;;;;;;;00-01-00;00-01-00;;00-01-00;;;;;;;;;;;
;;;;;;;;00-01-00;00-01-00;;00-01-00;;;;;;;;;;;
;;;;;;;;00-01-00;00-01-00;;00-01-00;;;;;;;;;;;
;;;;;;;;00-01-00;00-01-00;;00-01-00;;;;;;;;;;;
;;;;;;;;00-01-00;00-01-00;;00-01-00;;;;;;;;;;;
;;;;;;;;00-01-00;16-08-26;;00-01-00;;;;;;;;;;;
;;;;;;;;00-01-00;00-01-00;;00-01-00;;;;;;;;;;;
;;;;;;;;00-01-00;00-01-00;;00-01-00;;;;;;;;;;;
;;;;;;;;00-01-00;00-01-00;;00-01-00;;;;;;;;;;;
;;;;;;;;00-01-00;00-01-00;;00-01-00;;;;;;;;;;;
;;;;;;;;00-01-00;00-01-00;;00-01-00;;;;;;;;;;;
;;;;;;;;00-01-00;16-08-26;;00-01-00;;;;;;;;;;;
;;;;;;;;00-01-00;16-08-26;;00-01-00;;;;;;;;;;;
;;;;;;;;00-01-00;16-08-26;;00-01-00;;;;;;;;;;;
;;;;;;;;00-01-00;00-01-00;;00-01-00;;;;;;;;;;;
;;;;;;;;00-01-00;00-01-00;;00-01-00;;;;;;;;;;;
;;;;;;;;00-01-00;00-01-00;;00-01-00;;;;;;;;;;;
;;;;;;;;00-01-00;00-01-00;;00-01-00;;;;;;;;;;;
;;;;;;;;00-01-00;00-01-00;;00-01-00;;;;;;;;;;;
;;;;;;;;00-01-00;00-01-00;;00-01-00;;;;;;;;;;;
;;;;;;;;00-01-00;00-01-00;;00-01-00;;;;;;;;;;;
;;;;;;;;00-01-00;00-01-00;;00-01-00;;;;;;;;;;;
;;;;;;;;00-01-00;00-01-00;;00-01-00;;;;;;;;;;;
;;;;;;;;00-01-00;00-01-00;;00-01-00;;;;;;;;;;;
;;;;;;;;00-01-00;00-01-00;;00-01-00;;;;;;;;;;;
;;;;;;;;00-01-00;00-01-00;;00-01-00;;;;;;;;;;;
;;;;;;;;00-01-00;00-01-00;;00-01-00;;;;;;;;;;;
;;;;;;;;00-01-00;00-01-00;;00-01-00;;;;;;;;;;;
;;;;;;;;00-01-00;00-01-00;;00-01-00;;;;;;;;;;;
;;;;;;;;00-01-00;00-01-00;;00-01-00;;;;;;;;;;;
;;;;;;;;00-01-00;00-01-00;;00-01-00;;;;;;;;;;;
;;;;;;;;00-01-00;00-01-00;;00-01-00;;;;;;;;;;;
;;;;;;;;00-01-00;00-01-00;;00-01-00;;;;;;;;;;;
;;;;;;;;00-01-00;00-01-00;;00-01-00;;;;;;;;;;;
;;;;;;;;00-01-00;00-01-00;;00-01-00;;;;;;;;;;;
;;;;;;;;00-01-00;00-01-00;;00-01-00;;;;;;;;;;;
;;;;;;;;00-01-00;00-01-00;;00-01-00;;;;;;;;;;;
;;;;;;;;00-01-00;00-01-00;;00-01-00;;;;;;;;;;;
;;;;;;;;00-01-00;00-01-00;;00-01-00;;;;;;;;;;;
;;;;;;;;00-01-00;00-01-00;;00-01-00;;;;;;;;;;;
;;;;;;;;00-01-00;00-01-00;;00-01-00;;;;;;;;;;;
;;;;;;;;00-01-00;00-01-00;;00-01-00;;;;;;;;;;;
;;;;;;;;00-01-00;00-01-00;;00-01-00;;;;;;;;;;;
;;;;;;;;00-01-00;00-01-00;;00-01-00;;;;;;;;;;;
;;;;;;;;00-01-00;00-01-00;;00-01-00;;;;;;;;;;;
;;;;;;;;00-01-00;00-01-00;;00-01-00;;;;;;;;;;;
;;;;;;;;00-01-00;00-01-00;;00-01-00;;;;;;;;;;;
;;;;;;;;00-01-00;00-01-00;;00-01-00;;;;;;;;;;;
;;;;;;;;00-01-00;00-01-00;;00-01-00;;;;;;;;;;;
;;;;;;;;00-01-00;00-01-00;;00-01-00;;;;;;;;;;;
;;;;;;;;00-01-00;00-01-00;;00-01-00;;;;;;;;;;;
;;;;;;;;00-01-00;00-01-00;;00-01-00;;;;;;;;;;;
;;;;;;;;00-01-00;00-01-00;;00-01-00;;;;;;;;;;;
;;;;;;;;00-01-00;00-01-00;;00-01-00;;;;;;;;;;;
;;;;;;;;00-01-00;00-01-00;;00-01-00;;;;;;;;;;;
;;;;;;;;00-01-00;00-01-00;;00-01-00;;;;;;;;;;;
;;;;;;;;00-01-00;00-01-00;;00-01-00;;;;;;;;;;;
;;;;;;;;00-01-00;00-01-00;;00-01-00;;;;;;;;;;;
;;;;;;;;00-01-00;00-01-00;;00-01-00;;;;;;;;;;;
;;;;;;;;00-01-00;00-01-00;;00-01-00;;;;;;;;;;;
;;;;;;;;00-01-00;00-01-00;;00-01-00;;;;;;;;;;;
;;;;;;;;00-01-00;00-01-00;;00-01-00;;;;;;;;;;;
;;;;;;;;00-01-00;00-01-00;;00-01-00;;;;;;;;;;;
;;;;;;;;00-01-00;00-01-00;;00-01-00;;;;;;;;;;;
;;;;;;;;00-01-00;00-01-00;;00-01-00;;;;;;;;;;;
;;;;;;;;00-01-00;00-01-00;;00-01-00;;;;;;;;;;;
;;;;;;;;00-01-00;00-01-00;;00-01-00;;;;;;;;;;;
;;;;;;;;00-01-00;00-01-00;;00-01-00;;;;;;;;;;;
;;;;;;;;00-01-00;00-01-00;;00-01-00;;;;;;;;;;;
;;;;;;;;00-01-00;00-01-00;;00-01-00;;;;;;;;;;;
;;;;;;;;00-01-00;00-01-00;;00-01-00;;;;;;;;;;;
;;;;;;;;00-01-00;00-01-00;;00-01-00;;;;;;;;;;;
;;;;;;;;00-01-00;00-01-00;;00-01-00;;;;;;;;;;;
;;;;;;;;00-01-00;00-01-00;;00-01-00;;;;;;;;;;;
;;;;;;;;00-01-00;00-01-00;;00-01-00;;;;;;;;;;;
;;;;;;;;00-01-00;00-01-00;;00-01-00;;;;;;;;;;;
;;;;;;;;00-01-00;00-01-00;;00-01-00;;;;;;;;;;;
;;;;;;;;00-01-00;00-01-00;;00-01-00;;;;;;;;;;;
;;;;;;;;00-01-00;00-01-00;;00-01-00;;;;;;;;;;;
;;;;;;;;00-01-00;00-01-00;;00-01-00;;;;;;;;;;;
;;;;;;;;00-01-00;00-01-00;;00-01-00;;;;;;;;;;;
;;;;;;;;00-01-00;00-01-00;;00-01-00;;;;;;;;;;;
;;;;;;;;00-01-00;00-01-00;;00-01-00;;;;;;;;;;;
;;;;;;;;00-01-00;00-01-00;;00-01-00;;;;;;;;;;;
;;;;;;;;00-01-00;00-01-00;;00-01-00;;;;;;;;;;;
;;;;;;;;00-01-00;00-01-00;;00-01-00;;;;;;;;;;;
;;;;;;;;00-01-00;00-01-00;;00-01-00;;;;;;;;;;;
;;;;;;;;00-01-00;00-01-00;;00-01-00;;;;;;;;;;;
;;;;;;;;00-01-00;00-01-00;;00-01-00;;;;;;;;;;;
;;;;;;;;00-01-00;00-01-00;;00-01-00;;;;;;;;;;;
;;;;;;;;00-01-00;00-01-00;;00-01-00;;;;;;;;;;;
;;;;;;;;00-01-00;00-01-00;;00-01-00;;;;;;;;;;;
;;;;;;;;00-01-00;00-01-00;;00-01-00;;;;;;;;;;;
;;;;;;;;00-01-00;00-01-00;;00-01-00;;;;;;;;;;;
;;;;;;;;00-01-00;00-01-00;;00-01-00;;;;;;;;;;;
;;;;;;;;00-01-00;00-01-00;;00-01-00;;;;;;;;;;;
;;;;;;;;00-01-00;00-01-00;;00-01-00;;;;;;;;;;;
;;;;;;;;00-01-00;00-01-00;;00-01-00;;;;;;;;;;;
;;;;;;;;00-01-00;00-01-00;;00-01-00;;;;;;;;;;;
;;;;;;;;00-01-00;00-01-00;;00-01-00;;;;;;;;;;;
;;;;;;;;00-01-00;00-01-00;;00-01-00;;;;;;;;;;;
;;;;;;;;00-01-00;00-01-00;;00-01-00;;;;;;;;;;;
;;;;;;;;00-01-00;00-01-00;;00-01-00;;;;;;;;;;;
;;;;;;;;00-01-00;00-01-00;;00-01-00;;;;;;;;;;;
;;;;;;;;00-01-00;00-01-00;;00-01-00;;;;;;;;;;;
;;;;;;;;00-01-00;00-01-00;;00-01-00;;;;;;;;;;;
;;;;;;;;00-01-00;00-01-00;;00-01-00;;;;;;;;;;;
;;;;;;;;00-01-00;00-01-00;;00-01-00;;;;;;;;;;;
;;;;;;;;00-01-00;00-01-00;;00-01-00;;;;;;;;;;;
;;;;;;;;00-01-00;00-01-00;;00-01-00;;;;;;;;;;;
;;;;;;;;00-01-00;00-01-00;;00-01-00;;;;;;;;;;;
;;;;;;;;00-01-00;00-01-00;;00-01-00;;;;;;;;;;;
;;;;;;;;00-01-00;00-01-00;;00-01-00;;;;;;;;;;;
;;;;;;;;00-01-00;00-01-00;;00-01-00;;;;;;;;;;;
;;;;;;;;00-01-00;00-01-00;;00-01-00;;;;;;;;;;;
;;;;;;;;00-01-00;00-01-00;;00-01-00;;;;;;;;;;;
;;;;;;;;00-01-00;00-01-00;;00-01-00;;;;;;;;;;;
;;;;;;;;00-01-00;00-01-00;;00-01-00;;;;;;;;;;;
;;;;;;;;00-01-00;00-01-00;;00-01-00;;;;;;;;;;;
;;;;;;;;00-01-00;00-01-00;;00-01-00;;;;;;;;;;;
;;;;;;;;00-01-00;00-01-00;;00-01-00;;;;;;;;;;;
;;;;;;;;00-01-00;00-01-00;;00-01-00;;;;;;;;;;;
;;;;;;;;00-01-00;00-01-00;;00-01-00;;;;;;;;;;;
;;;;;;;;00-01-00;00-01-00;;00-01-00;;;;;;;;;;;
;;;;;;;;00-01-00;00-01-00;;00-01-00;;;;;;;;;;;
;;;;;;;;00-01-00;00-01-00;;00-01-00;;;;;;;;;;;
;;;;;;;;00-01-00;00-01-00;;00-01-00;;;;;;;;;;;
;;;;;;;;00-01-00;00-01-00;;00-01-00;;;;;;;;;;;
;;;;;;;;00-01-00;00-01-00;;00-01-00;;;;;;;;;;;
;;;;;;;;00-01-00;00-01-00;;00-01-00;;;;;;;;;;;
;;;;;;;;00-01-00;00-01-00;;00-01-00;;;;;;;;;;;
;;;;;;;;00-01-00;00-01-00;;00-01-00;;;;;;;;;;;
;;;;;;;;00-01-00;00-01-00;;00-01-00;;;;;;;;;;;
;;;;;;;;00-01-00;00-01-00;;00-01-00;;;;;;;;;;;
;;;;;;;;00-01-00;00-01-00;;00-01-00;;;;;;;;;;;
;;;;;;;;00-01-00;00-01-00;;00-01-00;;;;;;;;;;;
;;;;;;;;00-01-00;00-01-00;;00-01-00;;;;;;;;;;;
;;;;;;;;00-01-00;00-01-00;;00-01-00;;;;;;;;;;;
;;;;;;;;00-01-00;00-01-00;;00-01-00;;;;;;;;;;;
;;;;;;;;00-01-00;00-01-00;;00-01-00;;;;;;;;;;;
;;;;;;;;00-01-00;00-01-00;;00-01-00;;;;;;;;;;;
;;;;;;;;00-01-00;00-01-00;;00-01-00;;;;;;;;;;;
;;;;;;;;00-01-00;00-01-00;;00-01-00;;;;;;;;;;;
;;;;;;;;00-01-00;00-01-00;;00-01-00;;;;;;;;;;;
;;;;;;;;00-01-00;00-01-00;;00-01-00;;;;;;;;;;;
;;;;;;;;00-01-00;00-01-00;;00-01-00;;;;;;;;;;;
;;;;;;;;00-01-00;00-01-00;;00-01-00;;;;;;;;;;;
;;;;;;;;00-01-00;00-01-00;;00-01-00;;;;;;;;;;;
;;;;;;;;00-01-00;00-01-00;;00-01-00;;;;;;;;;;;
;;;;;;;;00-01-00;00-01-00;;00-01-00;;;;;;;;;;;
;;;;;;;;00-01-00;00-01-00;;00-01-00;;;;;;;;;;;
;;;;;;;;00-01-00;00-01-00;;00-01-00;;;;;;;;;;;
;;;;;;;;00-01-00;00-01-00;;00-01-00;;;;;;;;;;;
;;;;;;;;00-01-00;16-08-26;;00-01-00;;;;;;;;;;;
;;;;;;;;00-01-00;00-01-00;;00-01-00;;;;;;;;;;;
;;;;;;;;00-01-00;00-01-00;;00-01-00;;;;;;;;;;;
;;;;;;;;00-01-00;00-01-00;;00-01-00;;;;;;;;;;;
;;;;;;;;00-01-00;00-01-00;;00-01-00;ingresa primero la ep 492;;;;;;;;;;
;;;;;;;;00-01-00;00-01-00;;00-01-00;;;;;;;;;;;
;;;;;;;;00-01-00;00-01-00;;00-01-00;;;;;;;;;;;
;;;;;;;;00-01-00;00-01-00;;00-01-00;;;;;;;;;;;
;;;;;;;;00-01-00;00-01-00;;00-01-00;;;;;;;;;;;
;;;;;;;;00-01-00;00-01-00;;00-01-00;;;;;;;;;;;
;;;;;;;;00-01-00;00-01-00;;00-01-00;;;;;;;;;;;
;;;;;;;;00-01-00;00-01-00;;00-01-00;;;;;;;;;;;
;;;;;;;;00-01-00;00-01-00;;00-01-00;;;;;;;;;;;
;;;;;;;;00-01-00;00-01-00;;00-01-00;;;;;;;;;;;
;;;;;;;;00-01-00;00-01-00;;00-01-00;202600404;;;;;;;;;;
;;;;;;;;00-01-00;00-01-00;;00-01-00;202600579;;;;;;;;;;
;;;;;;;;00-01-00;00-01-00;;00-01-00;;;;;;;;;;;
;;;;;;;;00-01-00;00-01-00;;00-01-00;;;;;;;;;;;
;;;;;;;;00-01-00;00-01-00;;00-01-00;;;;;;;;;;;
;;;;;;;;00-01-00;00-01-00;;00-01-00;;;;;;;;;;;
;;;;;;;;00-01-00;00-01-00;;00-01-00;;;;;;;;;;;
;;;;;;;;00-01-00;00-01-00;;00-01-00;;;;;;;;;;;
;;;;;;;;00-01-00;00-01-00;;00-01-00;;;;;;;;;;;
;;;;;;;;00-01-00;00-01-00;;00-01-00;;;;;;;;;;;
;;;;;;;;00-01-00;00-01-00;;00-01-00;;;;;;;;;;;
;;;;;;;;00-01-00;00-01-00;;00-01-00;;;;;;;;;;;
;;;;;;;;00-01-00;00-01-00;;00-01-00;;;;;;;;;;;
;;;;;;;;00-01-00;00-01-00;;00-01-00;;;;;;;;;;;
;;;;;;;;00-01-00;00-01-00;;00-01-00;;;;;;;;;;;
;;;;;;;;00-01-00;00-01-00;;00-01-00;;;;;;;;;;;
;;;;;;;;00-01-00;00-01-00;;00-01-00;;;;;;;;;;;
;;;;;;;;00-01-00;00-01-00;;00-01-00;;;;;;;;;;;
;;;;;;;;00-01-00;00-01-00;;00-01-00;;;;;;;;;;;
;;;;;;;;00-01-00;00-01-00;;00-01-00;;;;;;;;;;;
;;;;;;;;00-01-00;00-01-00;;00-01-00;;;;;;;;;;;
;;;;;;;;00-01-00;00-01-00;;00-01-00;;;;;;;;;;;
;;;;;;;;00-01-00;00-01-00;;00-01-00;;;;;;;;;;;
;;;;;;;;00-01-00;00-01-00;;00-01-00;;;;;;;;;;;
;;;;;;;;00-01-00;00-01-00;;00-01-00;;;;;;;;;;;
;;;;;;;;00-01-00;00-01-00;;00-01-00;;;;;;;;;;;
;;;;;;;;00-01-00;00-01-00;;00-01-00;;;;;;;;;;;
;;;;;;;;00-01-00;00-01-00;;00-01-00;;;;;;;;;;;
;;;;;;;;00-01-00;00-01-00;;00-01-00;;;;;;;;;;;
;;;;;;;;00-01-00;00-01-00;;00-01-00;;;;;;;;;;;
;;;;;;;;00-01-00;00-01-00;;00-01-00;;;;;;;;;;;
;;;;;;;;00-01-00;00-01-00;;00-01-00;;;;;;;;;;;
;;;;;;;;00-01-00;00-01-00;;00-01-00;;;;;;;;;;;
;;;;;;;;00-01-00;00-01-00;;00-01-00;;;;;;;;;;;
;;;;;;;;00-01-00;00-01-00;;00-01-00;;;;;;;;;;;
;;;;;;;;00-01-00;00-01-00;;00-01-00;;;;;;;;;;;
;;;;;;;;00-01-00;00-01-00;;00-01-00;;;;;;;;;;;
;;;;;;;;00-01-00;00-01-00;;00-01-00;;;;;;;;;;;
;;;;;;;;00-01-00;00-01-00;;00-01-00;;;;;;;;;;;
;;;;;;;;00-01-00;00-01-00;;00-01-00;;;;;;;;;;;
;;;;;;;;00-01-00;00-01-00;;00-01-00;;;;;;;;;;;
;;;;;;;;00-01-00;00-01-00;;00-01-00;;;;;;;;;;;
;;;;;;;;00-01-00;00-01-00;;00-01-00;;;;;;;;;;;
;;;;;;;;00-01-00;00-01-00;;00-01-00;;;;;;;;;;;
;;;;;;;;00-01-00;00-01-00;;00-01-00;;;;;;;;;;;
;;;;;;;;00-01-00;00-01-00;;00-01-00;;;;;;;;;;;
;;;;;;;;00-01-00;00-01-00;;00-01-00;;;;;;;;;;;
;;;;;;;;00-01-00;00-01-00;;00-01-00;;;;;;;;;;;
;;;;;;;;00-01-00;00-01-00;;00-01-00;;;;;;;;;;;
;;;;;;;;00-01-00;00-01-00;;00-01-00;;;;;;;;;;;
;;;;;;;;00-01-00;00-01-00;;00-01-00;;;;;;;;;;;
;;;;;;;;00-01-00;00-01-00;;00-01-00;;;;;;;;;;;
;;;;;;;;00-01-00;00-01-00;;00-01-00;;;;;;;;;;;
;;;;;;;;00-01-00;00-01-00;;00-01-00;;;;;;;;;;;
;;;;;;;;00-01-00;00-01-00;;00-01-00;;;;;;;;;;;
;;;;;;;;00-01-00;00-01-00;;00-01-00;;;;;;;;;;;
;;;;;;;;00-01-00;00-01-00;;00-01-00;;;;;;;;;;;
;;;;;;;;00-01-00;00-01-00;;00-01-00;;;;;;;;;;;
;;;;;;;;00-01-00;00-01-00;;00-01-00;;;;;;;;;;;
;;;;;;;;00-01-00;00-01-00;;00-01-00;;;;;;;;;;;
;;;;;;;;00-01-00;00-01-00;;00-01-00;;;;;;;;;;;
;;;;;;;;00-01-00;00-01-00;;00-01-00;;;;;;;;;;;
;;;;;;;;00-01-00;00-01-00;;00-01-00;;;;;;;;;;;
;;;;;;;;00-01-00;00-01-00;;00-01-00;;;;;;;;;;;
;;;;;;;;00-01-00;00-01-00;;00-01-00;;;;;;;;;;;
;;;;;;;;00-01-00;00-01-00;;00-01-00;;;;;;;;;;;
;;;;;;;;00-01-00;00-01-00;;00-01-00;;;;;;;;;;;
;;;;;;;;00-01-00;00-01-00;;00-01-00;;;;;;;;;;;
;;;;;;;;00-01-00;00-01-00;;00-01-00;;;;;;;;;;;
;;;;;;;;00-01-00;16-08-26;;00-01-00;;;;;;;;;;;
;;;;;;;;00-01-00;00-01-00;;00-01-00;;;;;;;;;;;
;;;;;;;;00-01-00;00-01-00;;00-01-00;;;;;;;;;;;
;;;;;;;;00-01-00;00-01-00;;00-01-00;;;;;;;;;;;
;;;;;;;;00-01-00;00-01-00;;00-01-00;;;;;;;;;;;
;;;;;;;;00-01-00;00-01-00;;00-01-00;;;;;;;;;;;
;;;;;;;;00-01-00;00-01-00;;00-01-00;;;;;;;;;;;
;;;;;;;;00-01-00;00-01-00;;00-01-00;;;;;;;;;;;
;;;;;;;;00-01-00;00-01-00;;00-01-00;;;;;;;;;;;
;;;;;;;;00-01-00;00-01-00;;00-01-00;;;;;;;;;;;
;;;;;;;;00-01-00;00-01-00;;00-01-00;;;;;;;;;;;
;;;;;;;;00-01-00;00-01-00;;00-01-00;;;;;;;;;;;
;;;;;;;;00-01-00;00-01-00;;00-01-00;;;;;;;;;;;
;;;;;;;;00-01-00;00-01-00;;00-01-00;;;;;;;;;;;
;;;;;;;;00-01-00;00-01-00;;00-01-00;;;;;;;;;;;
;;;;;;;;00-01-00;00-01-00;;00-01-00;;;;;;;;;;;
;;;;;;;;00-01-00;00-01-00;;00-01-00;;;;;;;;;;;
;;;;;;;;00-01-00;00-01-00;;00-01-00;;;;;;;;;;;
;;;;;;;;00-01-00;00-01-00;;00-01-00;;;;;;;;;;;
;;;;;;;;00-01-00;00-01-00;;00-01-00;;;;;;;;;;;
;;;;;;;;00-01-00;00-01-00;;00-01-00;;;;;;;;;;;
;;;;;;;;00-01-00;00-01-00;;00-01-00;;;;;;;;;;;
;;;;;;;;00-01-00;00-01-00;;00-01-00;;;;;;;;;;;
;;;;;;;;00-01-00;00-01-00;;00-01-00;;;;;;;;;;;
;;;;;;;;00-01-00;00-01-00;;00-01-00;;;;;;;;;;;
;;;;;;;;00-01-00;00-01-00;;00-01-00;;;;;;;;;;;
;;;;;;;;00-01-00;00-01-00;;00-01-00;;;;;;;;;;;
;;;;;;;;00-01-00;00-01-00;;00-01-00;;;;;;;;;;;
;;;;;;;;00-01-00;00-01-00;;00-01-00;;;;;;;;;;;
;;;;;;;;00-01-00;00-01-00;;00-01-00;;;;;;;;;;;
;;;;;;;;00-01-00;00-01-00;;00-01-00;;;;;;;;;;;
;;;;;;;;00-01-00;00-01-00;;00-01-00;;;;;;;;;;;
;;;;;;;;00-01-00;00-01-00;;00-01-00;;;;;;;;;;;
;;;;;;;;00-01-00;00-01-00;;00-01-00;;;;;;;;;;;
;;;;;;;;00-01-00;00-01-00;;00-01-00;;;;;;;;;;;
;;;;;;;;00-01-00;00-01-00;;00-01-00;;;;;;;;;;;
;;;;;;;;00-01-00;00-01-00;;00-01-00;;;;;;;;;;;
;;;;;;;;00-01-00;00-01-00;;00-01-00;;;;;;;;;;;
;;;;;;;;00-01-00;00-01-00;;00-01-00;;;;;;;;;;;
;;;;;;;;00-01-00;00-01-00;;00-01-00;;;;;;;;;;;
;;;;;;;;00-01-00;00-01-00;;00-01-00;;;;;;;;;;;
;;;;;;;;00-01-00;00-01-00;;00-01-00;;;;;;;;;;;
;;;;;;;;00-01-00;00-01-00;;00-01-00;;;;;;;;;;;
;;;;;;;;00-01-00;00-01-00;;00-01-00;;;;;;;;;;;
;;;;;;;;00-01-00;00-01-00;;00-01-00;;;;;;;;;;;
;;;;;;;;00-01-00;00-01-00;;00-01-00;;;;;;;;;;;
;;;;;;;;00-01-00;00-01-00;;00-01-00;;;;;;;;;;;
;;;;;;;;00-01-00;00-01-00;;00-01-00;;;;;;;;;;;
;;;;;;;;00-01-00;00-01-00;;00-01-00;;;;;;;;;;;
;;;;;;;;00-01-00;00-01-00;;00-01-00;;;;;;;;;;;
;;;;;;;;00-01-00;00-01-00;;00-01-00;;;;;;;;;;;
;;;;;;;;00-01-00;00-01-00;;00-01-00;;;;;;;;;;;
;;;;;;;;00-01-00;00-01-00;;00-01-00;;;;;;;;;;;
;;;;;;;;00-01-00;00-01-00;;00-01-00;;;;;;;;;;;
;;;;;;;;00-01-00;00-01-00;;00-01-00;;;;;;;;;;;
;;;;;;;;00-01-00;00-01-00;;00-01-00;;;;;;;;;;;
;;;;;;;;00-01-00;00-01-00;;00-01-00;;;;;;;;;;;
;;;;;;;;00-01-00;00-01-00;;00-01-00;;;;;;;;;;;
;;;;;;;;00-01-00;00-01-00;;00-01-00;;;;;;;;;;;
;;;;;;;;00-01-00;00-01-00;;00-01-00;;;;;;;;;;;
;;;;;;;;00-01-00;00-01-00;;00-01-00;;;;;;;;;;;
;;;;;;;;00-01-00;00-01-00;;00-01-00;;;;;;;;;;;
;;;;;;;;00-01-00;00-01-00;;00-01-00;;;;;;;;;;;
;;;;;;;;00-01-00;00-01-00;;00-01-00;;;;;;;;;;;
;;;;;;;;00-01-00;00-01-00;;00-01-00;;;;;;;;;;;
;;;;;;;;00-01-00;00-01-00;;00-01-00;;;;;;;;;;;
;;;;;;;;00-01-00;00-01-00;;00-01-00;;;;;;;;;;;
;;;;;;;;00-01-00;00-01-00;;00-01-00;;;;;;;;;;;
;;;;;;;;00-01-00;00-01-00;;00-01-00;;;;;;;;;;;
;;;;;;;;00-01-00;00-01-00;;00-01-00;;;;;;;;;;;
;;;;;;;;00-01-00;00-01-00;;00-01-00;;;;;;;;;;;
;;;;;;;;00-01-00;00-01-00;;00-01-00;;;;;;;;;;;
;;;;;;;;00-01-00;00-01-00;;00-01-00;;;;;;;;;;;
;;;;;;;;00-01-00;00-01-00;;00-01-00;;;;;;;;;;;
;;;;;;;;00-01-00;00-01-00;;00-01-00;;;;;;;;;;;
;;;;;;;;00-01-00;00-01-00;;00-01-00;;;;;;;;;;;
;;;;;;;;00-01-00;00-01-00;;00-01-00;;;;;;;;;;;
;;;;;;;;00-01-00;00-01-00;;00-01-00;;;;;;;;;;;
;;;;;;;;00-01-00;00-01-00;;00-01-00;;;;;;;;;;;
;;;;;;;;00-01-00;00-01-00;;00-01-00;;;;;;;;;;;
;;;;;;;;00-01-00;00-01-00;;00-01-00;;;;;;;;;;;
;;;;;;;;00-01-00;00-01-00;;00-01-00;;;;;;;;;;;
;;;;;;;;00-01-00;00-01-00;;00-01-00;;;;;;;;;;;
;;;;;;;;00-01-00;00-01-00;;00-01-00;;;;;;;;;;;
;;;;;;;;00-01-00;00-01-00;;00-01-00;;;;;;;;;;;
;;;;;;;;00-01-00;00-01-00;;00-01-00;;;;;;;;;;;
;;;;;;;;00-01-00;00-01-00;;00-01-00;;;;;;;;;;;
;;;;;;;;00-01-00;00-01-00;;00-01-00;;;;;;;;;;;
;;;;;;;;00-01-00;00-01-00;;00-01-00;;;;;;;;;;;
;;;;;;;;00-01-00;00-01-00;;00-01-00;;;;;;;;;;;
;;;;;;;;00-01-00;00-01-00;;00-01-00;;;;;;;;;;;
;;;;;;;;00-01-00;00-01-00;;00-01-00;;;;;;;;;;;
;;;;;;;;00-01-00;00-01-00;;00-01-00;;;;;;;;;;;
;;;;;;;;00-01-00;00-01-00;;00-01-00;;;;;;;;;;;
;;;;;;;;00-01-00;00-01-00;;00-01-00;;;;;;;;;;;
;;;;;;;;00-01-00;00-01-00;;00-01-00;;;;;;;;;;;
;;;;;;;;00-01-00;00-01-00;;00-01-00;;;;;;;;;;;
;;;;;;;;00-01-00;00-01-00;;00-01-00;;;;;;;;;;;
;;;;;;;;00-01-00;00-01-00;;00-01-00;;;;;;;;;;;
;;;;;;;;00-01-00;00-01-00;;00-01-00;;;;;;;;;;;
;;;;;;;;00-01-00;00-01-00;;00-01-00;;;;;;;;;;;
;;;;;;;;00-01-00;00-01-00;;00-01-00;;;;;;;;;;;
;;;;;;;;00-01-00;00-01-00;;00-01-00;;;;;;;;;;;
;;;;;;;;00-01-00;00-01-00;;00-01-00;;;;;;;;;;;
;;;;;;;;00-01-00;00-01-00;;00-01-00;;;;;;;;;;;
;;;;;;;;00-01-00;00-01-00;;00-01-00;;;;;;;;;;;
;;;;;;;;00-01-00;00-01-00;;00-01-00;;;;;;;;;;;
;;;;;;;;00-01-00;00-01-00;;00-01-00;;;;;;;;;;;
;;;;;;;;00-01-00;00-01-00;;00-01-00;;;;;;;;;;;
;;;;;;;;00-01-00;00-01-00;;00-01-00;;;;;;;;;;;
;;;;;;;;00-01-00;00-01-00;;00-01-00;;;;;;;;;;;
;;;;;;;;00-01-00;00-01-00;;00-01-00;;;;;;;;;;;
;;;;;;;;00-01-00;00-01-00;;00-01-00;;;;;;;;;;;
;;;;;;;;00-01-00;00-01-00;;00-01-00;;;;;;;;;;;
;;;;;;;;00-01-00;00-01-00;;00-01-00;;;;;;;;;;;
;;;;;;;;00-01-00;00-01-00;;00-01-00;;;;;;;;;;;
;;;;;;;;00-01-00;00-01-00;;00-01-00;;;;;;;;;;;
;;;;;;;;00-01-00;00-01-00;;00-01-00;;;;;;;;;;;
;;;;;;;;00-01-00;00-01-00;;00-01-00;;;;;;;;;;;
;;;;;;;;00-01-00;00-01-00;;00-01-00;;;;;;;;;;;
;;;;;;;;00-01-00;00-01-00;;00-01-00;;;;;;;;;;;
;;;;;;;;00-01-00;00-01-00;;00-01-00;;;;;;;;;;;
;;;;;;;;00-01-00;00-01-00;;00-01-00;;;;;;;;;;;
;;;;;;;;00-01-00;00-01-00;;00-01-00;;;;;;;;;;;
;;;;;;;;00-01-00;00-01-00;;00-01-00;;;;;;;;;;;
;;;;;;;;00-01-00;00-01-00;;00-01-00;;;;;;;;;;;
;;;;;;;;00-01-00;00-01-00;;00-01-00;;;;;;;;;;;
;;;;;;;;00-01-00;00-01-00;;00-01-00;;;;;;;;;;;
;;;;;;;;00-01-00;00-01-00;;00-01-00;;;;;;;;;;;
;;;;;;;;00-01-00;00-01-00;;00-01-00;;;;;;;;;;;
;;;;;;;;00-01-00;00-01-00;;00-01-00;;;;;;;;;;;
;;;;;;;;00-01-00;00-01-00;;00-01-00;;;;;;;;;;;
;;;;;;;;00-01-00;00-01-00;;00-01-00;;;;;;;;;;;
;;;;;;;;00-01-00;00-01-00;;00-01-00;;;;;;;;;;;
;;;;;;;;00-01-00;00-01-00;;00-01-00;;;;;;;;;;;
;;;;;;;;00-01-00;00-01-00;;00-01-00;;;;;;;;;;;
;;;;;;;;00-01-00;00-01-00;;00-01-00;;;;;;;;;;;
;;;;;;;;00-01-00;00-01-00;;00-01-00;;;;;;;;;;;
;;;;;;;;00-01-00;00-01-00;;00-01-00;;;;;;;;;;;
;;;;;;;;00-01-00;00-01-00;;00-01-00;;;;;;;;;;;
;;;;;;;;00-01-00;00-01-00;;00-01-00;;;;;;;;;;;
;;;;;;;;00-01-00;00-01-00;;00-01-00;;;;;;;;;;;
;;;;;;;;00-01-00;00-01-00;;00-01-00;;;;;;;;;;;
;;;;;;;;00-01-00;00-01-00;;00-01-00;;;;;;;;;;;
;;;;;;;;00-01-00;00-01-00;;00-01-00;;;;;;;;;;;
;;;;;;;;00-01-00;00-01-00;;00-01-00;;;;;;;;;;;
;;;;;;;;00-01-00;00-01-00;;00-01-00;;;;;;;;;;;
;;;;;;;;00-01-00;00-01-00;;00-01-00;;;;;;;;;;;
;;;;;;;;00-01-00;00-01-00;;00-01-00;;;;;;;;;;;
;;;;;;;;00-01-00;00-01-00;;00-01-00;;;;;;;;;;;
;;;;;;;;00-01-00;00-01-00;;00-01-00;;;;;;;;;;;
;;;;;;;;00-01-00;00-01-00;;00-01-00;;;;;;;;;;;
;;;;;;;;00-01-00;00-01-00;;00-01-00;;;;;;;;;;;
;;;;;;;;00-01-00;00-01-00;;00-01-00;;;;;;;;;;;
;;;;;;;;00-01-00;00-01-00;;00-01-00;;;;;;;;;;;
;;;;;;;;00-01-00;00-01-00;;00-01-00;;;;;;;;;;;
;;;;;;;;00-01-00;00-01-00;;00-01-00;;;;;;;;;;;
;;;;;;;;00-01-00;00-01-00;;00-01-00;;;;;;;;;;;
;;;;;;;;00-01-00;00-01-00;;00-01-00;;;;;;;;;;;
;;;;;;;;00-01-00;00-01-00;;00-01-00;;;;;;;;;;;
;;;;;;;;00-01-00;00-01-00;;00-01-00;;;;;;;;;;;
;;;;;;;;00-01-00;00-01-00;;00-01-00;;;;;;;;;;;
;;;;;;;;00-01-00;00-01-00;;00-01-00;;;;;;;;;;;
;;;;;;;;00-01-00;00-01-00;;00-01-00;;;;;;;;;;;
;;;;;;;;00-01-00;00-01-00;;00-01-00;;;;;;;;;;;
;;;;;;;;00-01-00;00-01-00;;00-01-00;;;;;;;;;;;
;;;;;;;;00-01-00;00-01-00;;00-01-00;;;;;;;;;;;
;;;;;;;;00-01-00;00-01-00;;00-01-00;;;;;;;;;;;
;;;;;;;;00-01-00;00-01-00;;00-01-00;;;;;;;;;;;
;;;;;;;;00-01-00;00-01-00;;00-01-00;;;;;;;;;;;
;;;;;;;;00-01-00;00-01-00;;00-01-00;;;;;;;;;;;
;;;;;;;;00-01-00;00-01-00;;00-01-00;;;;;;;;;;;
;;;;;;;;00-01-00;00-01-00;;00-01-00;;;;;;;;;;;
;;;;;;;;00-01-00;00-01-00;;00-01-00;;;;;;;;;;;
;;;;;;;;00-01-00;16-08-26;;00-01-00;;;;;;;;;;;
;;;;;;;;00-01-00;00-01-00;;00-01-00;;;;;;;;;;;
;;;;;;;;00-01-00;00-01-00;;00-01-00;;;;;;;;;;;
;;;;;;;;00-01-00;00-01-00;;00-01-00;;;;;;;;;;;
;;;;;;;;00-01-00;00-01-00;;00-01-00;;;;;;;;;;;
;;;;;;;;00-01-00;00-01-00;;00-01-00;;;;;;;;;;;
;;;;;;;;00-01-00;00-01-00;;00-01-00;;;;;;;;;;;
;;;;;;;;00-01-00;00-01-00;;00-01-00;;;;;;;;;;;
;;;;;;;;00-01-00;00-01-00;;00-01-00;;;;;;;;;;;
;;;;;;;;00-01-00;00-01-00;;00-01-00;;;;;;;;;;;
;;;;;;;;00-01-00;00-01-00;;00-01-00;;;;;;;;;;;
;;;;;;;;00-01-00;00-01-00;;00-01-00;;;;;;;;;;;
;;;;;;;;00-01-00;00-01-00;;00-01-00;;;;;;;;;;;
;;;;;;;;00-01-00;00-01-00;;00-01-00;;;;;;;;;;;
;;;;;;;;00-01-00;00-01-00;;00-01-00;;;;;;;;;;;
;;;;;;;;00-01-00;00-01-00;;00-01-00;;;;;;;;;;;
;;;;;;;;00-01-00;00-01-00;;00-01-00;;;;;;;;;;;
;;;;;;;;00-01-00;00-01-00;;00-01-00;;;;;;;;;;;
;;;;;;;;00-01-00;00-01-00;;00-01-00;;;;;;;;;;;
;;;;;;;;00-01-00;00-01-00;;00-01-00;;;;;;;;;;;
;;;;;;;;00-01-00;00-01-00;;00-01-00;;;;;;;;;;;
;;;;;;;;00-01-00;00-01-00;;00-01-00;;;;;;;;;;;
;;;;;;;;00-01-00;00-01-00;;00-01-00;;;;;;;;;;;
;;;;;;;;00-01-00;00-01-00;;00-01-00;;;;;;;;;;;
;;;;;;;;00-01-00;00-01-00;;00-01-00;;;;;;;;;;;
;;;;;;;;00-01-00;00-01-00;;00-01-00;;;;;;;;;;;
;;;;;;;;00-01-00;00-01-00;;00-01-00;;;;;;;;;;;
;;;;;;;;00-01-00;00-01-00;;00-01-00;;;;;;;;;;;
;;;;;;;;00-01-00;00-01-00;;00-01-00;;;;;;;;;;;
;;;;;;;;00-01-00;00-01-00;;00-01-00;;;;;;;;;;;
;;;;;;;;00-01-00;00-01-00;;00-01-00;;;;;;;;;;;
;;;;;;;;00-01-00;00-01-00;;00-01-00;;;;;;;;;;;
;;;;;;;;00-01-00;00-01-00;;00-01-00;;;;;;;;;;;
;;;;;;;;00-01-00;00-01-00;;00-01-00;;;;;;;;;;;
;;;;;;;;00-01-00;00-01-00;;00-01-00;;;;;;;;;;;
;;;;;;;;00-01-00;00-01-00;;00-01-00;;;;;;;;;;;
;;;;;;;;00-01-00;00-01-00;;00-01-00;;;;;;;;;;;
;;;;;;;;00-01-00;00-01-00;;00-01-00;;;;;;;;;;;
;;;;;;;;00-01-00;00-01-00;;00-01-00;;;;;;;;;;;
;;;;;;;;00-01-00;00-01-00;;00-01-00;;;;;;;;;;;
;;;;;;;;00-01-00;00-01-00;;00-01-00;;;;;;;;;;;
;;;;;;;;00-01-00;00-01-00;;00-01-00;;;;;;;;;;;
;;;;;;;;00-01-00;00-01-00;;00-01-00;;;;;;;;;;;
;;;;;;;;00-01-00;00-01-00;;00-01-00;;;;;;;;;;;
;;;;;;;;00-01-00;00-01-00;;00-01-00;;;;;;;;;;;
;;;;;;;;00-01-00;00-01-00;;00-01-00;;;;;;;;;;;
;;;;;;;;00-01-00;00-01-00;;00-01-00;;;;;;;;;;;
;;;;;;;;00-01-00;00-01-00;;00-01-00;;;;;;;;;;;
;;;;;;;;00-01-00;00-01-00;;00-01-00;;;;;;;;;;;
;;;;;;;;00-01-00;00-01-00;;00-01-00;;;;;;;;;;;
;;;;;;;;00-01-00;00-01-00;;00-01-00;;;;;;;;;;;
;;;;;;;;00-01-00;00-01-00;;00-01-00;;;;;;;;;;;
;;;;;;;;00-01-00;00-01-00;;00-01-00;;;;;;;;;;;
;;;;;;;;00-01-00;00-01-00;;00-01-00;;;;;;;;;;;
;;;;;;;;00-01-00;00-01-00;;00-01-00;;;;;;;;;;;
;;;;;;;;00-01-00;00-01-00;;00-01-00;;;;;;;;;;;
;;;;;;;;00-01-00;00-01-00;;00-01-00;;;;;;;;;;;
;;;;;;;;00-01-00;00-01-00;;00-01-00;;;;;;;;;;;
;;;;;;;;00-01-00;00-01-00;;00-01-00;;;;;;;;;;;
;;;;;;;;00-01-00;00-01-00;;00-01-00;;;;;;;;;;;
;;;;;;;;00-01-00;00-01-00;;00-01-00;;;;;;;;;;;
;;;;;;;;00-01-00;00-01-00;;00-01-00;;;;;;;;;;;
;;;;;;;;00-01-00;00-01-00;;00-01-00;;;;;;;;;;;
;;;;;;;;00-01-00;00-01-00;;00-01-00;;;;;;;;;;;
;;;;;;;;00-01-00;00-01-00;;00-01-00;;;;;;;;;;;
;;;;;;;;00-01-00;00-01-00;;00-01-00;;;;;;;;;;;
;;;;;;;;00-01-00;00-01-00;;00-01-00;;;;;;;;;;;
;;;;;;;;00-01-00;00-01-00;;00-01-00;;;;;;;;;;;
;;;;;;;;00-01-00;00-01-00;;00-01-00;;;;;;;;;;;
;;;;;;;;00-01-00;00-01-00;;00-01-00;;;;;;;;;;;
;;;;;;;;00-01-00;00-01-00;;00-01-00;;;;;;;;;;;
;;;;;;;;00-01-00;00-01-00;;00-01-00;;;;;;;;;;;
;;;;;;;;00-01-00;00-01-00;;00-01-00;;;;;;;;;;;
;;;;;;;;00-01-00;00-01-00;;00-01-00;;;;;;;;;;;
;;;;;;;;00-01-00;00-01-00;;00-01-00;;;;;;;;;;;
;;;;;;;;00-01-00;00-01-00;;00-01-00;;;;;;;;;;;
;;;;;;;;00-01-00;00-01-00;;00-01-00;;;;;;;;;;;
;;;;;;;;00-01-00;00-01-00;;00-01-00;;;;;;;;;;;
;;;;;;;;00-01-00;00-01-00;;00-01-00;;;;;;;;;;;
;;;;;;;;00-01-00;00-01-00;;00-01-00;;;;;;;;;;;
;;;;;;;;00-01-00;00-01-00;;00-01-00;;;;;;;;;;;
;;;;;;;;00-01-00;00-01-00;;00-01-00;;;;;;;;;;;
;;;;;;;;00-01-00;00-01-00;;00-01-00;;;;;;;;;;;
;;;;;;;;00-01-00;00-01-00;;00-01-00;;;;;;;;;;;
;;;;;;;;00-01-00;00-01-00;;00-01-00;;;;;;;;;;;
;;;;;;;;00-01-00;00-01-00;;00-01-00;;;;;;;;;;;
;;;;;;;;00-01-00;00-01-00;;00-01-00;;;;;;;;;;;
;;;;;;;;00-01-00;00-01-00;;00-01-00;;;;;;;;;;;
;;;;;;;;00-01-00;00-01-00;;00-01-00;;;;;;;;;;;
;;;;;;;;00-01-00;00-01-00;;00-01-00;;;;;;;;;;;
;;;;;;;;00-01-00;00-01-00;;00-01-00;;;;;;;;;;;
;;;;;;;;00-01-00;00-01-00;;00-01-00;;;;;;;;;;;
;;;;;;;;00-01-00;00-01-00;;00-01-00;;;;;;;;;;;
;;;;;;;;00-01-00;00-01-00;;00-01-00;;;;;;;;;;;
;;;;;;;;00-01-00;00-01-00;;00-01-00;;;;;;;;;;;
;;;;;;;;00-01-00;16-08-26;;00-01-00;;;;;;;;;;;
;;;;;;;;00-01-00;00-01-00;;00-01-00;;;;;;;;;;;
;;;;;;;;00-01-00;00-01-00;;00-01-00;;;;;;;;;;;
;;;;;;;;00-01-00;00-01-00;;00-01-00;;;;;;;;;;;
;;;;;;;;00-01-00;00-01-00;;00-01-00;;;;;;;;;;;
;;;;;;;;00-01-00;00-01-00;;00-01-00;;;;;;;;;;;
;;;;;;;;00-01-00;00-01-00;;00-01-00;;;;;;;;;;;
;;;;;;;;00-01-00;00-01-00;;00-01-00;;;;;;;;;;;
;;;;;;;;00-01-00;00-01-00;;00-01-00;;;;;;;;;;;
;;;;;;;;00-01-00;00-01-00;;00-01-00;;;;;;;;;;;
;;;;;;;;00-01-00;00-01-00;;00-01-00;;;;;;;;;;;
;;;;;;;;00-01-00;00-01-00;;00-01-00;;;;;;;;;;;
;;;;;;;;00-01-00;00-01-00;;00-01-00;;;;;;;;;;;
;;;;;;;;00-01-00;00-01-00;;00-01-00;;;;;;;;;;;
;;;;;;;;00-01-00;00-01-00;;00-01-00;;;;;;;;;;;
;;;;;;;;00-01-00;00-01-00;;00-01-00;;;;;;;;;;;
;;;;;;;;00-01-00;00-01-00;;00-01-00;;;;;;;;;;;
;;;;;;;;00-01-00;00-01-00;;00-01-00;;;;;;;;;;;
;;;;;;;;00-01-00;00-01-00;;00-01-00;;;;;;;;;;;
;;;;;;;;00-01-00;00-01-00;;00-01-00;;;;;;;;;;;
;;;;;;;;00-01-00;00-01-00;;00-01-00;;;;;;;;;;;
;;;;;;;;00-01-00;00-01-00;;00-01-00;;;;;;;;;;;
;;;;;;;;00-01-00;00-01-00;;00-01-00;;;;;;;;;;;
;;;;;;;;00-01-00;00-01-00;;00-01-00;;;;;;;;;;;
;;;;;;;;00-01-00;00-01-00;;00-01-00;;;;;;;;;;;
;;;;;;;;00-01-00;00-01-00;;00-01-00;;;;;;;;;;;
;;;;;;;;00-01-00;00-01-00;;00-01-00;;;;;;;;;;;
;;;;;;;;00-01-00;00-01-00;;00-01-00;;;;;;;;;;;
;;;;;;;;00-01-00;00-01-00;;00-01-00;;;;;;;;;;;
;;;;;;;;00-01-00;00-01-00;;00-01-00;;;;;;;;;;;
;;;;;;;;00-01-00;00-01-00;;00-01-00;;;;;;;;;;;
;;;;;;;;00-01-00;00-01-00;;00-01-00;;;;;;;;;;;
;;;;;;;;00-01-00;00-01-00;;00-01-00;;;;;;;;;;;
;;;;;;;;00-01-00;00-01-00;;00-01-00;;;;;;;;;;;
;;;;;;;;00-01-00;00-01-00;;00-01-00;;;;;;;;;;;
;;;;;;;;00-01-00;00-01-00;;00-01-00;;;;;;;;;;;
;;;;;;;;00-01-00;00-01-00;;00-01-00;;;;;;;;;;;
;;;;;;;;00-01-00;00-01-00;;00-01-00;;;;;;;;;;;
;;;;;;;;00-01-00;00-01-00;;00-01-00;;;;;;;;;;;
;;;;;;;;00-01-00;00-01-00;;00-01-00;;;;;;;;;;;
;;;;;;;;00-01-00;00-01-00;;00-01-00;;;;;;;;;;;
;;;;;;;;00-01-00;00-01-00;;00-01-00;;;;;;;;;;;
;;;;;;;;00-01-00;00-01-00;;00-01-00;;;;;;;;;;;
;;;;;;;;00-01-00;00-01-00;;00-01-00;;;;;;;;;;;
;;;;;;;;00-01-00;00-01-00;;00-01-00;;;;;;;;;;;
;;;;;;;;00-01-00;00-01-00;;00-01-00;;;;;;;;;;;
;;;;;;;;00-01-00;00-01-00;;00-01-00;;;;;;;;;;;
;;;;;;;;00-01-00;00-01-00;;00-01-00;;;;;;;;;;;
;;;;;;;;00-01-00;00-01-00;;00-01-00;;;;;;;;;;;
;;;;;;;;00-01-00;00-01-00;;00-01-00;;;;;;;;;;;
;;;;;;;;00-01-00;00-01-00;;00-01-00;;;;;;;;;;;
;;;;;;;;00-01-00;00-01-00;;00-01-00;;;;;;;;;;;
;;;;;;;;00-01-00;00-01-00;;00-01-00;;;;;;;;;;;
;;;;;;;;00-01-00;00-01-00;;00-01-00;;;;;;;;;;;
;;;;;;;;00-01-00;00-01-00;;00-01-00;;;;;;;;;;;
;;;;;;;;00-01-00;00-01-00;;00-01-00;;;;;;;;;;;
;;;;;;;;00-01-00;00-01-00;;00-01-00;;;;;;;;;;;
;;;;;;;;00-01-00;00-01-00;;00-01-00;;;;;;;;;;;
;;;;;;;;00-01-00;00-01-00;;00-01-00;;;;;;;;;;;
;;;;;;;;00-01-00;00-01-00;;00-01-00;;;;;;;;;;;
;;;;;;;;00-01-00;00-01-00;;00-01-00;;;;;;;;;;;
;;;;;;;;00-01-00;00-01-00;;00-01-00;;;;;;;;;;;
;;;;;;;;00-01-00;00-01-00;;00-01-00;;;;;;;;;;;
;;;;;;;;00-01-00;00-01-00;;00-01-00;;;;;;;;;;;
;;;;;;;;00-01-00;00-01-00;;00-01-00;;;;;;;;;;;
;;;;;;;;00-01-00;00-01-00;;00-01-00;;;;;;;;;;;
;;;;;;;;00-01-00;00-01-00;;00-01-00;;;;;;;;;;;
;;;;;;;;00-01-00;00-01-00;;00-01-00;;;;;;;;;;;
;;;;;;;;00-01-00;00-01-00;;00-01-00;;;;;;;;;;;
;;;;;;;;00-01-00;00-01-00;;00-01-00;;;;;;;;;;;
;;;;;;;;00-01-00;00-01-00;;00-01-00;;;;;;;;;;;
;;;;;;;;00-01-00;00-01-00;;00-01-00;;;;;;;;;;;
;;;;;;;;00-01-00;00-01-00;;00-01-00;;;;;;;;;;;
;;;;;;;;00-01-00;00-01-00;;00-01-00;;;;;;;;;;;
;;;;;;;;00-01-00;00-01-00;;00-01-00;;;;;;;;;;;
;;;;;;;;00-01-00;00-01-00;;00-01-00;;;;;;;;;;;
;;;;;;;;00-01-00;00-01-00;;00-01-00;;;;;;;;;;;
;;;;;;;;00-01-00;00-01-00;;00-01-00;;;;;;;;;;;
;;;;;;;;00-01-00;00-01-00;;00-01-00;;;;;;;;;;;
;;;;;;;;00-01-00;00-01-00;;00-01-00;;;;;;;;;;;
;;;;;;;;00-01-00;00-01-00;;00-01-00;;;;;;;;;;;
;;;;;;;;00-01-00;00-01-00;;00-01-00;;;;;;;;;;;
;;;;;;;;00-01-00;00-01-00;;00-01-00;;;;;;;;;;;
;;;;;;;;00-01-00;00-01-00;;00-01-00;;;;;;;;;;;
;;;;;;;;00-01-00;00-01-00;;00-01-00;;;;;;;;;;;
;;;;;;;;00-01-00;00-01-00;;00-01-00;;;;;;;;;;;
;;;;;;;;00-01-00;00-01-00;;00-01-00;;;;;;;;;;;
;;;;;;;;00-01-00;00-01-00;;00-01-00;;;;;;;;;;;
;;;;;;;;00-01-00;00-01-00;;00-01-00;;;;;;;;;;;
;;;;;;;;00-01-00;00-01-00;;00-01-00;;;;;;;;;;;
;;;;;;;;00-01-00;00-01-00;;00-01-00;;;;;;;;;;;
;;;;;;;;00-01-00;00-01-00;;00-01-00;;;;;;;;;;;
;;;;;;;;00-01-00;00-01-00;;00-01-00;;;;;;;;;;;
;;;;;;;;00-01-00;00-01-00;;00-01-00;;;;;;;;;;;
;;;;;;;;00-01-00;00-01-00;;00-01-00;;;;;;;;;;;
;;;;;;;;00-01-00;00-01-00;;00-01-00;;;;;;;;;;;
;;;;;;;;00-01-00;00-01-00;;00-01-00;;;;;;;;;;;
;;;;;;;;00-01-00;00-01-00;;00-01-00;;;;;;;;;;;
;;;;;;;;00-01-00;00-01-00;;00-01-00;;;;;;;;;;;
;;;;;;;;00-01-00;00-01-00;;00-01-00;;;;;;;;;;;
;;;;;;;;00-01-00;00-01-00;;00-01-00;;;;;;;;;;;
;;;;;;;;00-01-00;00-01-00;;00-01-00;;;;;;;;;;;
;;;;;;;;00-01-00;00-01-00;;00-01-00;;;;;;;;;;;
;;;;;;;;00-01-00;00-01-00;;00-01-00;;;;;;;;;;;
;;;;;;;;00-01-00;00-01-00;;00-01-00;;;;;;;;;;;
;;;;;;;;00-01-00;00-01-00;;00-01-00;;;;;;;;;;;
;;;;;;;;00-01-00;00-01-00;;00-01-00;;;;;;;;;;;
;;;;;;;;00-01-00;00-01-00;;00-01-00;;;;;;;;;;;
;;;;;;;;00-01-00;00-01-00;;00-01-00;;;;;;;;;;;
;;;;;;;;00-01-00;00-01-00;;00-01-00;;;;;;;;;;;
;;;;;;;;00-01-00;00-01-00;;00-01-00;;;;;;;;;;;
;;;;;;;;00-01-00;00-01-00;;00-01-00;;;;;;;;;;;
;;;;;;;;00-01-00;00-01-00;;00-01-00;;;;;;;;;;;
;;;;;;;;00-01-00;00-01-00;;00-01-00;;;;;;;;;;;
;;;;;;;;00-01-00;00-01-00;;00-01-00;;;;;;;;;;;
;;;;;;;;00-01-00;00-01-00;;00-01-00;;;;;;;;;;;
;;;;;;;;00-01-00;00-01-00;;00-01-00;;;;;;;;;;;
;;;;;;;;00-01-00;00-01-00;;00-01-00;;;;;;;;;;;
;;;;;;;;00-01-00;00-01-00;;00-01-00;;;;;;;;;;;
;;;;;;;;00-01-00;00-01-00;;00-01-00;;;;;;;;;;;
;;;;;;;;00-01-00;00-01-00;;00-01-00;;;;;;;;;;;
;;;;;;;;00-01-00;00-01-00;;00-01-00;;;;;;;;;;;
;;;;;;;;00-01-00;00-01-00;;00-01-00;;;;;;;;;;;
;;;;;;;;00-01-00;00-01-00;;00-01-00;;;;;;;;;;;
;;;;;;;;00-01-00;00-01-00;;00-01-00;;;;;;;;;;;
;;;;;;;;00-01-00;00-01-00;;00-01-00;;;;;;;;;;;
;;;;;;;;00-01-00;00-01-00;;00-01-00;;;;;;;;;;;
;;;;;;;;00-01-00;00-01-00;;00-01-00;;;;;;;;;;;
;;;;;;;;00-01-00;00-01-00;;00-01-00;;;;;;;;;;;
;;;;;;;;00-01-00;00-01-00;;00-01-00;;;;;;;;;;;
;;;;;;;;00-01-00;00-01-00;;00-01-00;;;;;;;;;;;
;;;;;;;;00-01-00;00-01-00;;00-01-00;;;;;;;;;;;
;;;;;;;;00-01-00;00-01-00;;00-01-00;;;;;;;;;;;
;;;;;;;;00-01-00;00-01-00;;00-01-00;;;;;;;;;;;
;;;;;;;;00-01-00;00-01-00;;00-01-00;;;;;;;;;;;
;;;;;;;;00-01-00;00-01-00;;00-01-00;;;;;;;;;;;
;;;;;;;;00-01-00;00-01-00;;00-01-00;;;;;;;;;;;
;;;;;;;;00-01-00;00-01-00;;00-01-00;;;;;;;;;;;
;;;;;;;;00-01-00;00-01-00;;00-01-00;;;;;;;;;;;
;;;;;;;;00-01-00;00-01-00;;00-01-00;;;;;;;;;;;
;;;;;;;;00-01-00;00-01-00;;00-01-00;;;;;;;;;;;
;;;;;;;;00-01-00;00-01-00;;00-01-00;;;;;;;;;;;
;;;;;;;;00-01-00;00-01-00;;00-01-00;;;;;;;;;;;
;;;;;;;;00-01-00;00-01-00;;00-01-00;;;;;;;;;;;
;;;;;;;;00-01-00;00-01-00;;00-01-00;;;;;;;;;;;
;;;;;;;;00-01-00;00-01-00;;00-01-00;;;;;;;;;;;
;;;;;;;;00-01-00;00-01-00;;00-01-00;;;;;;;;;;;
;;;;;;;;00-01-00;00-01-00;;00-01-00;;;;;;;;;;;
;;;;;;;;00-01-00;00-01-00;;00-01-00;;;;;;;;;;;
;;;;;;;;00-01-00;00-01-00;;00-01-00;;;;;;;;;;;
;;;;;;;;00-01-00;00-01-00;;00-01-00;;;;;;;;;;;
;;;;;;;;00-01-00;00-01-00;;00-01-00;;;;;;;;;;;
;;;;;;;;00-01-00;00-01-00;;00-01-00;;;;;;;;;;;
;;;;;;;;00-01-00;00-01-00;;00-01-00;;;;;;;;;;;
;;;;;;;;00-01-00;00-01-00;;00-01-00;;;;;;;;;;;
;;;;;;;;00-01-00;00-01-00;;00-01-00;;;;;;;;;;;
;;;;;;;;00-01-00;00-01-00;;00-01-00;;;;;;;;;;;
;;;;;;;;00-01-00;00-01-00;;00-01-00;;;;;;;;;;;
;;;;;;;;00-01-00;00-01-00;;00-01-00;;;;;;;;;;;
;;;;;;;;00-01-00;00-01-00;;00-01-00;;;;;;;;;;;
;;;;;;;;00-01-00;00-01-00;;00-01-00;;;;;;;;;;;
;;;;;;;;00-01-00;00-01-00;;00-01-00;;;;;;;;;;;
;;;;;;;;00-01-00;00-01-00;;00-01-00;;;;;;;;;;;
;;;;;;;;00-01-00;00-01-00;;00-01-00;;;;;;;;;;;
;;;;;;;;00-01-00;00-01-00;;00-01-00;;;;;;;;;;;
;;;;;;;;00-01-00;00-01-00;;00-01-00;;;;;;;;;;;
;;;;;;;;00-01-00;00-01-00;;00-01-00;;;;;;;;;;;
;;;;;;;;00-01-00;00-01-00;;00-01-00;;;;;;;;;;;
;;;;;;;;00-01-00;00-01-00;;00-01-00;;;;;;;;;;;
;;;;;;;;00-01-00;00-01-00;;00-01-00;;;;;;;;;;;
;;;;;;;;00-01-00;00-01-00;;00-01-00;;;;;;;;;;;
;;;;;;;;00-01-00;00-01-00;;00-01-00;;;;;;;;;;;
;;;;;;;;00-01-00;00-01-00;;00-01-00;;;;;;;;;;;
;;;;;;;;00-01-00;00-01-00;;00-01-00;;;;;;;;;;;
;;;;;;;;00-01-00;00-01-00;;00-01-00;;;;;;;;;;;
;;;;;;;;00-01-00;00-01-00;;00-01-00;;;;;;;;;;;
;;;;;;;;00-01-00;16-08-26;;00-01-00;;;;;;;;;;;
;;;;;;;;00-01-00;00-01-00;;00-01-00;;;;;;;;;;;
;;;;;;;;00-01-00;00-01-00;;00-01-00;;;;;;;;;;;
;;;;;;;;00-01-00;00-01-00;;00-01-00;;;;;;;;;;;
;;;;;;;;00-01-00;00-01-00;;00-01-00;;;;;;;;;;;
;;;;;;;;00-01-00;00-01-00;;00-01-00;;;;;;;;;;;
;;;;;;;;00-01-00;00-01-00;;00-01-00;;;;;;;;;;;
;;;;;;;;00-01-00;00-01-00;;00-01-00;;;;;;;;;;;
;;;;;;;;00-01-00;00-01-00;;00-01-00;;;;;;;;;;;
;;;;;;;;00-01-00;00-01-00;;00-01-00;;;;;;;;;;;
;;;;;;;;00-01-00;00-01-00;;00-01-00;;;;;;;;;;;
;;;;;;;;00-01-00;00-01-00;;00-01-00;;;;;;;;;;;
;;;;;;;;00-01-00;00-01-00;;00-01-00;;;;;;;;;;;
;;;;;;;;00-01-00;00-01-00;;00-01-00;;;;;;;;;;;
;;;;;;;;00-01-00;00-01-00;;00-01-00;;;;;;;;;;;
;;;;;;;;00-01-00;00-01-00;;00-01-00;;;;;;;;;;;
;;;;;;;;00-01-00;00-01-00;;00-01-00;;;;;;;;;;;
;;;;;;;;00-01-00;00-01-00;;00-01-00;;;;;;;;;;;
;;;;;;;;00-01-00;00-01-00;;00-01-00;;;;;;;;;;;
;;;;;;;;00-01-00;00-01-00;;00-01-00;;;;;;;;;;;
;;;;;;;;00-01-00;00-01-00;;00-01-00;;;;;;;;;;;
;;;;;;;;00-01-00;00-01-00;;00-01-00;;;;;;;;;;;
;;;;;;;;00-01-00;00-01-00;;00-01-00;;;;;;;;;;;
;;;;;;;;00-01-00;00-01-00;;00-01-00;;;;;;;;;;;
;;;;;;;;00-01-00;00-01-00;;00-01-00;;;;;;;;;;;
;;;;;;;;00-01-00;00-01-00;;00-01-00;;;;;;;;;;;
;;;;;;;;00-01-00;00-01-00;;00-01-00;;;;;;;;;;;
;;;;;;;;00-01-00;00-01-00;;00-01-00;;;;;;;;;;;
;;;;;;;;00-01-00;00-01-00;;00-01-00;;;;;;;;;;;
;;;;;;;;00-01-00;00-01-00;;00-01-00;;;;;;;;;;;
;;;;;;;;00-01-00;00-01-00;;00-01-00;;;;;;;;;;;
;;;;;;;;00-01-00;00-01-00;;00-01-00;;;;;;;;;;;
;;;;;;;;00-01-00;00-01-00;;00-01-00;;;;;;;;;;;
;;;;;;;;00-01-00;00-01-00;;00-01-00;;;;;;;;;;;
;;;;;;;;00-01-00;00-01-00;;00-01-00;;;;;;;;;;;
;;;;;;;;00-01-00;00-01-00;;00-01-00;;;;;;;;;;;
;;;;;;;;00-01-00;00-01-00;;00-01-00;;;;;;;;;;;
;;;;;;;;00-01-00;00-01-00;;00-01-00;;;;;;;;;;;
;;;;;;;;00-01-00;00-01-00;;00-01-00;;;;;;;;;;;
;;;;;;;;00-01-00;00-01-00;;00-01-00;;;;;;;;;;;
;;;;;;;;00-01-00;00-01-00;;00-01-00;;;;;;;;;;;
;;;;;;;;00-01-00;00-01-00;;00-01-00;;;;;;;;;;;
;;;;;;;;00-01-00;00-01-00;;00-01-00;;;;;;;;;;;
;;;;;;;;00-01-00;00-01-00;;00-01-00;;;;;;;;;;;
;;;;;;;;00-01-00;00-01-00;;00-01-00;;;;;;;;;;;
;;;;;;;;00-01-00;00-01-00;;00-01-00;;;;;;;;;;;
;;;;;;;;00-01-00;00-01-00;;00-01-00;;;;;;;;;;;
;;;;;;;;00-01-00;00-01-00;;00-01-00;;;;;;;;;;;
;;;;;;;;00-01-00;00-01-00;;00-01-00;;;;;;;;;;;
;;;;;;;;00-01-00;00-01-00;;00-01-00;;;;;;;;;;;
;;;;;;;;00-01-00;00-01-00;;00-01-00;;;;;;;;;;;
;;;;;;;;00-01-00;00-01-00;;00-01-00;;;;;;;;;;;
;;;;;;;;00-01-00;00-01-00;;00-01-00;;;;;;;;;;;
;;;;;;;;00-01-00;00-01-00;;00-01-00;;;;;;;;;;;
;;;;;;;;00-01-00;00-01-00;;00-01-00;;;;;;;;;;;
;;;;;;;;00-01-00;00-01-00;;00-01-00;;;;;;;;;;;
;;;;;;;;00-01-00;00-01-00;;00-01-00;;;;;;;;;;;
;;;;;;;;00-01-00;00-01-00;;00-01-00;;;;;;;;;;;
;;;;;;;;00-01-00;00-01-00;;00-01-00;;;;;;;;;;;
;;;;;;;;00-01-00;00-01-00;;00-01-00;;;;;;;;;;;
;;;;;;;;00-01-00;00-01-00;;00-01-00;;;;;;;;;;;
;;;;;;;;00-01-00;00-01-00;;00-01-00;;;;;;;;;;;
;;;;;;;;00-01-00;00-01-00;;00-01-00;;;;;;;;;;;
;;;;;;;;00-01-00;00-01-00;;00-01-00;;;;;;;;;;;
;;;;;;;;00-01-00;00-01-00;;00-01-00;;;;;;;;;;;
;;;;;;;;00-01-00;00-01-00;;00-01-00;;;;;;;;;;;
;;;;;;;;00-01-00;00-01-00;;00-01-00;;;;;;;;;;;
;;;;;;;;00-01-00;00-01-00;;00-01-00;;;;;;;;;;;
;;;;;;;;00-01-00;00-01-00;;00-01-00;;;;;;;;;;;
;;;;;;;;00-01-00;00-01-00;;00-01-00;;;;;;;;;;;
;;;;;;;;00-01-00;00-01-00;;00-01-00;;;;;;;;;;;
;;;;;;;;00-01-00;00-01-00;;00-01-00;;;;;;;;;;;
;;;;;;;;00-01-00;00-01-00;;00-01-00;;;;;;;;;;;
;;;;;;;;00-01-00;00-01-00;;00-01-00;;;;;;;;;;;
;;;;;;;;00-01-00;00-01-00;;00-01-00;;;;;;;;;;;
;;;;;;;;00-01-00;00-01-00;;00-01-00;;;;;;;;;;;
;;;;;;;;00-01-00;00-01-00;;00-01-00;;;;;;;;;;;
;;;;;;;;00-01-00;00-01-00;;00-01-00;;;;;;;;;;;
;;;;;;;;00-01-00;00-01-00;;00-01-00;;;;;;;;;;;
;;;;;;;;00-01-00;00-01-00;;00-01-00;;;;;;;;;;;
;;;;;;;;00-01-00;00-01-00;;00-01-00;;;;;;;;;;;
;;;;;;;;00-01-00;00-01-00;;00-01-00;;;;;;;;;;;
;;;;;;;;00-01-00;00-01-00;;00-01-00;;;;;;;;;;;
;;;;;;;;00-01-00;00-01-00;;00-01-00;;;;;;;;;;;
;;;;;;;;00-01-00;00-01-00;;00-01-00;;;;;;;;;;;
;;;;;;;;00-01-00;00-01-00;;00-01-00;;;;;;;;;;;
;;;;;;;;00-01-00;00-01-00;;00-01-00;;;;;;;;;;;
;;;;;;;;00-01-00;00-01-00;;00-01-00;;;;;;;;;;;
;;;;;;;;00-01-00;00-01-00;;00-01-00;;;;;;;;;;;
;;;;;;;;00-01-00;00-01-00;;00-01-00;;;;;;;;;;;
;;;;;;;;00-01-00;00-01-00;;00-01-00;;;;;;;;;;;
;;;;;;;;00-01-00;00-01-00;;00-01-00;;;;;;;;;;;
;;;;;;;;00-01-00;00-01-00;;00-01-00;;;;;;;;;;;
;;;;;;;;00-01-00;00-01-00;;00-01-00;;;;;;;;;;;
;;;;;;;;00-01-00;00-01-00;;00-01-00;;;;;;;;;;;
;;;;;;;;00-01-00;00-01-00;;00-01-00;;;;;;;;;;;
;;;;;;;;00-01-00;00-01-00;;00-01-00;;;;;;;;;;;
;;;;;;;;00-01-00;00-01-00;;00-01-00;;;;;;;;;;;
;;;;;;;;00-01-00;00-01-00;;00-01-00;;;;;;;;;;;
;;;;;;;;00-01-00;00-01-00;;00-01-00;;;;;;;;;;;
;;;;;;;;00-01-00;00-01-00;;00-01-00;;;;;;;;;;;
;;;;;;;;00-01-00;00-01-00;;00-01-00;;;;;;;;;;;
;;;;;;;;00-01-00;00-01-00;;00-01-00;;;;;;;;;;;
;;;;;;;;00-01-00;00-01-00;;00-01-00;;;;;;;;;;;
;;;;;;;;00-01-00;00-01-00;;00-01-00;;;;;;;;;;;
;;;;;;;;00-01-00;00-01-00;;00-01-00;;;;;;;;;;;
;;;;;;;;00-01-00;00-01-00;;00-01-00;;;;;;;;;;;
;;;;;;;;00-01-00;00-01-00;;00-01-00;;;;;;;;;;;
;;;;;;;;;;;;;;;;;;;;;;
;;;;;;;;;;;;;;;;;;;;;;
;;;;;;;;;;;;;;;;;;;;;;
;;;;;;;;;;;;;;;;;;;;;;
;;;;;;;;;;;;;;;;;;;;;;
;;;;;;;;;;;;;;;;;;;;;;
;;;;;;;;;;;;;;;;;;;;;;
;;;;;;;;;;;;;;;;;;;;;;
;;;;;;;;;;;;;;;;;;;;;;
;;;;;;;;;;;;;;;;;;;;;;
;;;;;;;;;;;;;;;;;;;;;;
;;;;;;;;;;;;;;;;;;;;;;
;;;;;;;;;;;;;;;;;;;;;;
;;;;;;;;;;;;;;;;;;;;;;
;;;;;;;;;;;;;;;;;;;;;;
;;;;;;;;;;;;;;;;;;;;;;
;;;;;;;;;;;;;;;;;;;;;;
;;;;;;;;;;;;;;;;;;;;;;
;;;;;;;;;;;;;;;;;;;;;;
;;;;;;;;;;;;;;;;;;;;;;
;;;;;;;;;;;;;;;;;;;;;;
;;;;;;;;;;;;;;;;;;;;;;
;;;;;;;;;;;;;;;;;;;;;;
;;;;;;;;;;;;;;;;;;;;;;
;;;;;;;;;;;;;;;;;;;;;;
;;;;;;;;;;;;;;;;;;;;;;
;;;;;;;;;;;;;;;;;;;;;;
;;;;;;;;;;;;;;;;;;;;;;
;;;;;;;;;;;;;;;;;;;;;;
;;;;;;;;;;;;;;;;;;;;;;
;;;;;;;;;;;;;;;;;;;;;;
;;;;;;;;;;;;;;;;;;;;;;
;;;;;;;;;;;;;;;;;;;;;;
;;;;;;;;;;;;;;;;;;;;;;
;;;;;;;;;;;;;;;;;;;;;;
;;;;;;;;;;;;;;;;;;;;;;
;;;;;;;;;;;;;;;;;;;;;;
;;;;;;;;;;;;;;;;;;;;;;
;;;;;;;;;;;;;;;;;;;;;;
;;;;;;;;;;;;;;;;;;;;;;
;;;;;;;;;;;;;;;;;;;;;;
;;;;;;;;;;;;;;;;;;;;;;
;;;;;;;;;;;;;;;;;;;;;;
;;;;;;;;;;;;;;;;;;;;;;
;;;;;;;;;;;;;;;;;;;;;;
;;;;;;;;;;;;;;;;;;;;;;
;;;;;;;;;;;;;;;;;;;;;;
;;;;;;;;;;;;;;;;;;;;;;
;;;;;;;;;;;;;;;;;;;;;;
;;;;;;;;;;;;;;;;;;;;;;
;;;;;;;;;;;;;;;;;;;;;;
;;;;;;;;;;;;;;;;;;;;;;
;;;;;;;;;;;;;;;;;;;;;;
;;;;;;;;;;;;;;;;;;;;;;
;;;;;;;;;;;;;;;;;;;;;;
;;;;;;;;;;;;;;;;;;;;;;
;;;;;;;;;;;;;;;;;;;;;;
;;;;;;;;;;;;;;;;;;;;;;
;;;;;;;;;;;;;;;;;;;;;;
;;;;;;;;;;;;;;;;;;;;;;
;;;;;;;;;;;;;;;;;;;;;;
;;;;;;;;;;;;;;;;;;;;;;
;;;;;;;;;;;;;;;;;;;;;;
;;;;;;;;;;;;;;;;;;;;;;
;;;;;;;;;;;;;;;;;;;;;;
;;;;;;;;;;;;;;;;;;;;;;
;;;;;;;;;;;;;;;;;;;;;;
;;;;;;;;;;;;;;;;;;;;;;
;;;;;;;;;;;;;;;;;;;;;;
;;;;;;;;;;;;;;;;;;;;;;
;;;;;;;;;;;;;;;;;;;;;;
;;;;;;;;;;;;;;;;;;;;;;
;;;;;;;;;;;;;;;;;;;;;;
;;;;;;;;;;;;;;;;;;;;;;
;;;;;;;;;;;;;;;;;;;;;;
;;;;;;;;;;;;;;;;;;;;;;
;;;;;;;;;;;;;;;;;;;;;;
;;;;;;;;;;;;;;;;;;;;;;
;;;;;;;;;;;;;;;;;;;;;;
;;;;;;;;;;;;;;;;;;;;;;
;;;;;;;;;;;;;;;;;;;;;;
;;;;;;;;;;;;;;;;;;;;;;
;;;;;;;;;;;;;;;;;;;;;;
;;;;;;;;;;;;;;;;;;;;;;
;;;;;;;;;;;;;;;;;;;;;;
;;;;;;;;;;;;;;;;;;;;;;
;;;;;;;;;;;;;;;;;;;;;;
;;;;;;;;;;;;;;;;;;;;;;
;;;;;;;;;;;;;;;;;;;;;;
;;;;;;;;;;;;;;;;;;;;;;
;;;;;;;;;;;;;;;;;;;;;;
;;;;;;;;;;;;;;;;;;;;;;
;;;;;;;;;;;;;;;;;;;;;;
;;;;;;;;;;;;;;;;;;;;;;
;;;;;;;;;;;;;;;;;;;;;;
;;;;;;;;;;;;;;;;;;;;;;
;;;;;;;;;;;;;;;;;;;;;;
;;;;;;;;;;;;;;;;;;;;;;
;;;;;;;;;;;;;;;;;;;;;;
;;;;;;;;;;;;;;;;;;;;;;
;;;;;;;;;;;;;;;;;;;;;;
;;;;;;;;;;;;;;;;;;;;;;
;;;;;;;;;;;;;;;;;;;;;;
;;;;;;;;;;;;;;;;;;;;;;
;;;;;;;;;;;;;;;;;;;;;;
;;;;;;;;;;;;;;;;;;;;;;
;;;;;;;;;;;;;;;;;;;;;;
;;;;;;;;;;;;;;;;;;;;;;
;;;;;;;;;;;;;;;;;;;;;;
;;;;;;;;;;;;;;;;;;;;;;
;;;;;;;;;;;;;;;;;;;;;;
;;;;;;;;;;;;;;;;;;;;;;
;;;;;;;;;;;;;;;;;;;;;;
;;;;;;;;;;;;;;;;;;;;;;
;;;;;;;;;;;;;;;;;;;;;;
;;;;;;;;;;;;;;;;;;;;;;
;;;;;;;;;;;;;;;;;;;;;;
;;;;;;;;;;;;;;;;;;;;;;
;;;;;;;;;;;;;;;;;;;;;;
;;;;;;;;;;;;;;;;;;;;;;
;;;;;;;;;;;;;;;;;;;;;;
;;;;;;;;;;;;;;;;;;;;;;
;;;;;;;;;;;;;;;;;;;;;;
;;;;;;;;;;;;;;;;;;;;;;
;;;;;;;;;;;;;;;;;;;;;;
;;;;;;;;;;;;;;;;;;;;;;
;;;;;;;;;;;;;;;;;;;;;;
;;;;;;;;;;;;;;;;;;;;;;
;;;;;;;;;;;;;;;;;;;;;;
;;;;;;;;;;;;;;;;;;;;;;
;;;;;;;;;;;;;;;;;;;;;;
;;;;;;;;;;;;;;;;;;;;;;
;;;;;;;;;;;;;;;;;;;;;;
;;;;;;;;;;;;;;;;;;;;;;
;;;;;;;;;;;;;;;;;;;;;;
;;;;;;;;;;;;;;;;;;;;;;
;;;;;;;;;;;;;;;;;;;;;;
;;;;;;;;;;;;;;;;;;;;;;
;;;;;;;;;;;;;;;;;;;;;;
;;;;;;;;;;;;;;;;;;;;;;
;;;;;;;;;;;;;;;;;;;;;;
;;;;;;;;;;;;;;;;;;;;;;
;;;;;;;;;;;;;;;;;;;;;;
;;;;;;;;;;;;;;;;;;;;;;
;;;;;;;;;;;;;;;;;;;;;;
;;;;;;;;;;;;;;;;;;;;;;
;;;;;;;;;;;;;;;;;;;;;;
;;;;;;;;;;;;;;;;;;;;;;
;;;;;;;;;;;;;;;;;;;;;;
;;;;;;;;;;;;;;;;;;;;;;
;;;;;;;;;;;;;;;;;;;;;;
;;;;;;;;;;;;;;;;;;;;;;
;;;;;;;;;;;;;;;;;;;;;;
;;;;;;;;;;;;;;;;;;;;;;
;;;;;;;;;;;;;;;;;;;;;;
;;;;;;;;;;;;;;;;;;;;;;
;;;;;;;;;;;;;;;;;;;;;;
;;;;;;;;;;;;;;;;;;;;;;
;;;;;;;;;;;;;;;;;;;;;;
;;;;;;;;;;;;;;;;;;;;;;
;;;;;;;;;;;;;;;;;;;;;;
;;;;;;;;;;;;;;;;;;;;;;
;;;;;;;;;;;;;;;;;;;;;;
;;;;;;;;;;;;;;;;;;;;;;
;;;;;;;;;;;;;;;;;;;;;;
;;;;;;;;;;;;;;;;;;;;;;
;;;;;;;;;;;;;;;;;;;;;;
;;;;;;;;;;;;;;;;;;;;;;
;;;;;;;;;;;;;;;;;;;;;;
;;;;;;;;;;;;;;;;;;;;;;
;;;;;;;;;;;;;;;;;;;;;;
;;;;;;;;;;;;;;;;;;;;;;
;;;;;;;;;;;;;;;;;;;;;;
;;;;;;;;;;;;;;;;;;;;;;
;;;;;;;;;;;;;;;;;;;;;;
;;;;;;;;;;;;;;;;;;;;;;
;;;;;;;;;;;;;;;;;;;;;;
;;;;;;;;;;;;;;;;;;;;;;
;;;;;;;;;;;;;;;;;;;;;;
;;;;;;;;;;;;;;;;;;;;;;
;;;;;;;;;;;;;;;;;;;;;;
;;;;;;;;;;;;;;;;;;;;;;
;;;;;;;;;;;;;;;;;;;;;;
;;;;;;;;;;;;;;;;;;;;;;
;;;;;;;;;;;;;;;;;;;;;;
;;;;;;;;;;;;;;;;;;;;;;
;;;;;;;;;;;;;;;;;;;;;;
;;;;;;;;;;;;;;;;;;;;;;
;;;;;;;;;;;;;;;;;;;;;;
;;;;;;;;;;;;;;;;;;;;;;
;;;;;;;;;;;;;;;;;;;;;;
;;;;;;;;;;;;;;;;;;;;;;
;;;;;;;;;;;;;;;;;;;;;;
;;;;;;;;;;;;;;;;;;;;;;
;;;;;;;;;;;;;;;;;;;;;;
;;;;;;;;;;;;;;;;;;;;;;
;;;;;;;;;;;;;;;;;;;;;;
;;;;;;;;;;;;;;;;;;;;;;
;;;;;;;;;;;;;;;;;;;;;;
;;;;;;;;;;;;;;;;;;;;;;
;;;;;;;;;;;;;;;;;;;;;;
;;;;;;;;;;;;;;;;;;;;;;
;;;;;;;;;;;;;;;;;;;;;;
;;;;;;;;;;;;;;;;;;;;;;
;;;;;;;;;;;;;;;;;;;;;;
;;;;;;;;;;;;;;;;;;;;;;
;;;;;;;;;;;;;;;;;;;;;;
;;;;;;;;;;;;;;;;;;;;;;
;;;;;;;;;;;;;;;;;;;;;;
;;;;;;;;;;;;;;;;;;;;;;
;;;;;;;;;;;;;;;;;;;;;;
;;;;;;;;;;;;;;;;;;;;;;
;;;;;;;;;;;;;;;;;;;;;;
;;;;;;;;;;;;;;;;;;;;;;
;;;;;;;;;;;;;;;;;;;;;;
;;;;;;;;;;;;;;;;;;;;;;
;;;;;;;;;;;;;;;;;;;;;;
;;;;;;;;;;;;;;;;;;;;;;
;;;;;;;;;;;;;;;;;;;;;;
;;;;;;;;;;;;;;;;;;;;;;
;;;;;;;;;;;;;;;;;;;;;;
;;;;;;;;;;;;;;;;;;;;;;
;;;;;;;;;;;;;;;;;;;;;;
;;;;;;;;;;;;;;;;;;;;;;
;;;;;;;;;;;;;;;;;;;;;;
;;;;;;;;;;;;;;;;;;;;;;
;;;;;;;;;;;;;;;;;;;;;;
;;;;;;;;;;;;;;;;;;;;;;
;;;;;;;;;;;;;;;;;;;;;;
;;;;;;;;;;;;;;;;;;;;;;
;;;;;;;;;;;;;;;;;;;;;;
;;;;;;;;;;;;;;;;;;;;;;
;;;;;;;;;;;;;;;;;;;;;;
;;;;;;;;;;;;;;;;;;;;;;
;;;;;;;;;;;;;;;;;;;;;;
;;;;;;;;;;;;;;;;;;;;;;
;;;;;;;;;;;;;;;;;;;;;;
;;;;;;;;;;;;;;;;;;;;;;
;;;;;;;;;;;;;;;;;;;;;;
;;;;;;;;;;;;;;;;;;;;;;
;;;;;;;;;;;;;;;;;;;;;;
;;;;;;;;;;;;;;;;;;;;;;
;;;;;;;;;;;;;;;;;;;;;;
;;;;;;;;;;;;;;;;;;;;;;
;;;;;;;;;;;;;;;;;;;;;;
;;;;;;;;;;;;;;;;;;;;;;
;;;;;;;;;;;;;;;;;;;;;;
;;;;;;;;;;;;;;;;;;;;;;
;;;;;;;;;;;;;;;;;;;;;;
;;;;;;;;;;;;;;;;;;;;;;
;;;;;;;;;;;;;;;;;;;;;;
;;;;;;;;;;;;;;;;;;;;;;
;;;;;;;;;;;;;;;;;;;;;;
;;;;;;;;;;;;;;;;;;;;;;
;;;;;;;;;;;;;;;;;;;;;;
;;;;;;;;;;;;;;;;;;;;;;
;;;;;;;;;;;;;;;;;;;;;;
;;;;;;;;;;;;;;;;;;;;;;
;;;;;;;;;;;;;;;;;;;;;;
;;;;;;;;;;;;;;;;;;;;;;
;;;;;;;;;;;;;;;;;;;;;;
;;;;;;;;;;;;;;;;;;;;;;
;;;;;;;;;;;;;;;;;;;;;;
;;;;;;;;;;;;;;;;;;;;;;
;;;;;;;;;;;;;;;;;;;;;;
;;;;;;;;;;;;;;;;;;;;;;
;;;;;;;;;;;;;;;;;;;;;;
;;;;;;;;;;;;;;;;;;;;;;
;;;;;;;;;;;;;;;;;;;;;;
;;;;;;;;;;;;;;;;;;;;;;
;;;;;;;;;;;;;;;;;;;;;;
;;;;;;;;;;;;;;;;;;;;;;
;;;;;;;;;;;;;;;;;;;;;;
;;;;;;;;;;;;;;;;;;;;;;
;;;;;;;;;;;;;;;;;;;;;;
;;;;;;;;;;;;;;;;;;;;;;
;;;;;;;;;;;;;;;;;;;;;;
;;;;;;;;;;;;;;;;;;;;;;
;;;;;;;;;;;;;;;;;;;;;;
;;;;;;;;;;;;;;;;;;;;;;
;;;;;;;;;;;;;;;;;;;;;;
;;;;;;;;;;;;;;;;;;;;;;
;;;;;;;;;;;;;;;;;;;;;;
;;;;;;;;;;;;;;;;;;;;;;
;;;;;;;;;;;;;;;;;;;;;;
;;;;;;;;;;;;;;;;;;;;;;
;;;;;;;;;;;;;;;;;;;;;;
;;;;;;;;;;;;;;;;;;;;;;
;;;;;;;;;;;;;;;;;;;;;;
;;;;;;;;;;;;;;;;;;;;;;
;;;;;;;;;;;;;;;;;;;;;;
;;;;;;;;;;;;;;;;;;;;;;
;;;;;;;;;;;;;;;;;;;;;;
;;;;;;;;;;;;;;;;;;;;;;
;;;;;;;;;;;;;;;;;;;;;;
;;;;;;;;;;;;;;;;;;;;;;
;;;;;;;;;;;;;;;;;;;;;;
;;;;;;;;;;;;;;;;;;;;;;
;;;;;;;;;;;;;;;;;;;;;;
;;;;;;;;;;;;;;;;;;;;;;
;;;;;;;;;;;;;;;;;;;;;;
;;;;;;;;;;;;;;;;;;;;;;
;;;;;;;;;;;;;;;;;;;;;;
;;;;;;;;;;;;;;;;;;;;;;
;;;;;;;;;;;;;;;;;;;;;;
;;;;;;;;;;;;;;;;;;;;;;
;;;;;;;;;;;;;;;;;;;;;;
;;;;;;;;;;;;;;;;;;;;;;
;;;;;;;;;;;;;;;;;;;;;;
;;;;;;;;;;;;;;;;;;;;;;
;;;;;;;;;;;;;;;;;;;;;;
;;;;;;;;;;;;;;;;;;;;;;
;;;;;;;;;;;;;;;;;;;;;;
;;;;;;;;;;;;;;;;;;;;;;
;;;;;;;;;;;;;;;;;;;;;;
;;;;;;;;;;;;;;;;;;;;;;
;;;;;;;;;;;;;;;;;;;;;;
;;;;;;;;;;;;;;;;;;;;;;
;;;;;;;;;;;;;;;;;;;;;;
;;;;;;;;;;;;;;;;;;;;;;
;;;;;;;;;;;;;;;;;;;;;;
;;;;;;;;;;;;;;;;;;;;;;
;;;;;;;;;;;;;;;;;;;;;;
;;;;;;;;;;;;;;;;;;;;;;
;;;;;;;;;;;;;;;;;;;;;;
;;;;;;;;;;;;;;;;;;;;;;
;;;;;;;;;;;;;;;;;;;;;;
;;;;;;;;;;;;;;;;;;;;;;
;;;;;;;;;;;;;;;;;;;;;;
;;;;;;;;;;;;;;;;;;;;;;
;;;;;;;;;;;;;;;;;;;;;;
;;;;;;;;;;;;;;;;;;;;;;
;;;;;;;;;;;;;;;;;;;;;;
;;;;;;;;;;;;;;;;;;;;;;
;;;;;;;;;;;;;;;;;;;;;;
;;;;;;;;;;;;;;;;;;;;;;
;;;;;;;;;;;;;;;;;;;;;;
;;;;;;;;;;;;;;;;;;;;;;
;;;;;;;;;;;;;;;;;;;;;;
;;;;;;;;;;;;;;;;;;;;;;
;;;;;;;;;;;;;;;;;;;;;;
;;;;;;;;;;;;;;;;;;;;;;
;;;;;;;;;;;;;;;;;;;;;;
;;;;;;;;;;;;;;;;;;;;;;
;;;;;;;;;;;;;;;;;;;;;;
;;;;;;;;;;;;;;;;;;;;;;
;;;;;;;;;;;;;;;;;;;;;;
;;;;;;;;;;;;;;;;;;;;;;
;;;;;;;;;;;;;;;;;;;;;;
;;;;;;;;;;;;;;;;;;;;;;
;;;;;;;;;;;;;;;;;;;;;;
;;;;;;;;;;;;;;;;;;;;;;
;;;;;;;;;;;;;;;;;;;;;;
;;;;;;;;;;;;;;;;;;;;;;
;;;;;;;;;;;;;;;;;;;;;;
;;;;;;;;;;;;;;;;;;;;;;
;;;;;;;;;;;;;;;;;;;;;;
;;;;;;;;;;;;;;;;;;;;;;
;;;;;;;;;;;;;;;;;;;;;;
;;;;;;;;;;;;;;;;;;;;;;
;;;;;;;;;;;;;;;;;;;;;;
;;;;;;;;;;;;;;;;;;;;;;
;;;;;;;;;;;;;;;;;;;;;;
;;;;;;;;;;;;;;;;;;;;;;
;;;;;;;;;;;;;;;;;;;;;;
;;;;;;;;;;;;;;;;;;;;;;
;;;;;;;;;;;;;;;;;;;;;;
;;;;;;;;;;;;;;;;;;;;;;
;;;;;;;;;;;;;;;;;;;;;;
;;;;;;;;;;;;;;;;;;;;;;
;;;;;;;;;;;;;;;;;;;;;;
;;;;;;;;;;;;;;;;;;;;;;
;;;;;;;;;;;;;;;;;;;;;;
;;;;;;;;;;;;;;;;;;;;;;
;;;;;;;;;;;;;;;;;;;;;;
;;;;;;;;;;;;;;;;;;;;;;
;;;;;;;;;;;;;;;;;;;;;;
;;;;;;;;;;;;;;;;;;;;;;
;;;;;;;;;;;;;;;;;;;;;;
;;;;;;;;;;;;;;;;;;;;;;
;;;;;;;;;;;;;;;;;;;;;;
;;;;;;;;;;;;;;;;;;;;;;
;;;;;;;;;;;;;;;;;;;;;;
;;;;;;;;;;;;;;;;;;;;;;
;;;;;;;;;;;;;;;;;;;;;;
;;;;;;;;;;;;;;;;;;;;;;
;;;;;;;;;;;;;;;;;;;;;;
;;;;;;;;;;;;;;;;;;;;;;
;;;;;;;;;;;;;;;;;;;;;;
;;;;;;;;;;;;;;;;;;;;;;
;;;;;;;;;;;;;;;;;;;;;;
;;;;;;;;;;;;;;;;;;;;;;
;;;;;;;;;;;;;;;;;;;;;;
;;;;;;;;;;;;;;;;;;;;;;
;;;;;;;;;;;;;;;;;;;;;;
;;;;;;;;;;;;;;;;;;;;;;
;;;;;;;;;;;;;;;;;;;;;;
;;;;;;;;;;;;;;;;;;;;;;
;;;;;;;;;;;;;;;;;;;;;;
;;;;;;;;;;;;;;;;;;;;;;
;;;;;;;;;;;;;;;;;;;;;;
;;;;;;;;;;;;;;;;;;;;;;
;;;;;;;;;;;;;;;;;;;;;;
;;;;;;;;;;;;;;;;;;;;;;
;;;;;;;;;;;;;;;;;;;;;;
;;;;;;;;;;;;;;;;;;;;;;
;;;;;;;;;;;;;;;;;;;;;;
;;;;;;;;;;;;;;;;;;;;;;
;;;;;;;;;;;;;;;;;;;;;;
;;;;;;;;;;;;;;;;;;;;;;
;;;;;;;;;;;;;;;;;;;;;;
;;;;;;;;;;;;;;;;;;;;;;
;;;;;;;;;;;;;;;;;;;;;;
;;;;;;;;;;;;;;;;;;;;;;
;;;;;;;;;;;;;;;;;;;;;;
;;;;;;;;;;;;;;;;;;;;;;
;;;;;;;;;;;;;;;;;;;;;;
;;;;;;;;;;;;;;;;;;;;;;
;;;;;;;;;;;;;;;;;;;;;;
;;;;;;;;;;;;;;;;;;;;;;
;;;;;;;;;;;;;;;;;;;;;;
;;;;;;;;;;;;;;;;;;;;;;
;;;;;;;;;;;;;;;;;;;;;;
;;;;;;;;;;;;;;;;;;;;;;
;;;;;;;;;;;;;;;;;;;;;;
;;;;;;;;;;;;;;;;;;;;;;
;;;;;;;;;;;;;;;;;;;;;;
;;;;;;;;;;;;;;;;;;;;;;
;;;;;;;;;;;;;;;;;;;;;;
;;;;;;;;;;;;;;;;;;;;;;
;;;;;;;;;;;;;;;;;;;;;;
;;;;;;;;;;;;;;;;;;;;;;
;;;;;;;;;;;;;;;;;;;;;;
;;;;;;;;;;;;;;;;;;;;;;
;;;;;;;;;;;;;;;;;;;;;;
;;;;;;;;;;;;;;;;;;;;;;
;;;;;;;;;;;;;;;;;;;;;;
;;;;;;;;;;;;;;;;;;;;;;
;;;;;;;;;;;;;;;;;;;;;;
;;;;;;;;;;;;;;;;;;;;;;
;;;;;;;;;;;;;;;;;;;;;;
;;;;;;;;;;;;;;;;;;;;;;
;;;;;;;;;;;;;;;;;;;;;;
;;;;;;;;;;;;;;;;;;;;;;
;;;;;;;;;;;;;;;;;;;;;;
;;;;;;;;;;;;;;;;;;;;;;
;;;;;;;;;;;;;;;;;;;;;;
;;;;;;;;;;;;;;;;;;;;;;
;;;;;;;;;;;;;;;;;;;;;;
;;;;;;;;;;;;;;;;;;;;;;
;;;;;;;;;;;;;;;;;;;;;;
;;;;;;;;;;;;;;;;;;;;;;
;;;;;;;;;;;;;;;;;;;;;;
;;;;;;;;;;;;;;;;;;;;;;
;;;;;;;;;;;;;;;;;;;;;;
;;;;;;;;;;;;;;;;;;;;;;
;;;;;;;;;;;;;;;;;;;;;;
;;;;;;;;;;;;;;;;;;;;;;
;;;;;;;;;;;;;;;;;;;;;;
;;;;;;;;;;;;;;;;;;;;;;
;;;;;;;;;;;;;;;;;;;;;;
;;;;;;;;;;;;;;;;;;;;;;
;;;;;;;;;;;;;;;;;;;;;;
;;;;;;;;;;;;;;;;;;;;;;
;;;;;;;;;;;;;;;;;;;;;;
;;;;;;;;;;;;;;;;;;;;;;
;;;;;;;;;;;;;;;;;;;;;;
;;;;;;;;;;;;;;;;;;;;;;
;;;;;;;;;;;;;;;;;;;;;;
;;;;;;;;;;;;;;;;;;;;;;
;;;;;;;;;;;;;;;;;;;;;;
;;;;;;;;;;;;;;;;;;;;;;
;;;;;;;;;;;;;;;;;;;;;;
;;;;;;;;;;;;;;;;;;;;;;
;;;;;;;;;;;;;;;;;;;;;;
;;;;;;;;;;;;;;;;;;;;;;
;;;;;;;;;;;;;;;;;;;;;;
;;;;;;;;;;;;;;;;;;;;;;
;;;;;;;;;;;;;;;;;;;;;;
;;;;;;;;;;;;;;;;;;;;;;
;;;;;;;;;;;;;;;;;;;;;;
;;;;;;;;;;;;;;;;;;;;;;
;;;;;;;;;;;;;;;;;;;;;;
;;;;;;;;;;;;;;;;;;;;;;
;;;;;;;;;;;;;;;;;;;;;;
;;;;;;;;;;;;;;;;;;;;;;
;;;;;;;;;;;;;;;;;;;;;;
;;;;;;;;;;;;;;;;;;;;;;
;;;;;;;;;;;;;;;;;;;;;;
;;;;;;;;;;;;;;;;;;;;;;
;;;;;;;;;;;;;;;;;;;;;;
;;;;;;;;;;;;;;;;;;;;;;
;;;;;;;;;;;;;;;;;;;;;;
;;;;;;;;;;;;;;;;;;;;;;
;;;;;;;;;;;;;;;;;;;;;;
;;;;;;;;;;;;;;;;;;;;;;
;;;;;;;;;;;;;;;;;;;;;;
;;;;;;;;;;;;;;;;;;;;;;
;;;;;;;;;;;;;;;;;;;;;;
;;;;;;;;;;;;;;;;;;;;;;
;;;;;;;;;;;;;;;;;;;;;;
;;;;;;;;;;;;;;;;;;;;;;
;;;;;;;;;;;;;;;;;;;;;;
;;;;;;;;;;;;;;;;;;;;;;
;;;;;;;;;;;;;;;;;;;;;;
;;;;;;;;;;;;;;;;;;;;;;
;;;;;;;;;;;;;;;;;;;;;;
;;;;;;;;;;;;;;;;;;;;;;
;;;;;;;;;;;;;;;;;;;;;;
;;;;;;;;;;;;;;;;;;;;;;
;;;;;;;;;;;;;;;;;;;;;;
;;;;;;;;;;;;;;;;;;;;;;
;;;;;;;;;;;;;;;;;;;;;;
;;;;;;;;;;;;;;;;;;;;;;
;;;;;;;;;;;;;;;;;;;;;;
;;;;;;;;;;;;;;;;;;;;;;
;;;;;;;;;;;;;;;;;;;;;;
;;;;;;;;;;;;;;;;;;;;;;
;;;;;;;;;;;;;;;;;;;;;;
;;;;;;;;;;;;;;;;;;;;;;
;;;;;;;;;;;;;;;;;;;;;;
;;;;;;;;;;;;;;;;;;;;;;
;;;;;;;;;;;;;;;;;;;;;;
;;;;;;;;;;;;;;;;;;;;;;
;;;;;;;;;;;;;;;;;;;;;;
;;;;;;;;;;;;;;;;;;;;;;
;;;;;;;;;;;;;;;;;;;;;;
;;;;;;;;;;;;;;;;;;;;;;
;;;;;;;;;;;;;;;;;;;;;;
;;;;;;;;;;;;;;;;;;;;;;
;;;;;;;;;;;;;;;;;;;;;;
;;;;;;;;;;;;;;;;;;;;;;
;;;;;;;;;;;;;;;;;;;;;;
;;;;;;;;;;;;;;;;;;;;;;
;;;;;;;;;;;;;;;;;;;;;;
;;;;;;;;;;;;;;;;;;;;;;
;;;;;;;;;;;;;;;;;;;;;;
;;;;;;;;;;;;;;;;;;;;;;
;;;;;;;;;;;;;;;;;;;;;;
;;;;;;;;;;;;;;;;;;;;;;
;;;;;;;;;;;;;;;;;;;;;;
;;;;;;;;;;;;;;;;;;;;;;
;;;;;;;;;;;;;;;;;;;;;;
;;;;;;;;;;;;;;;;;;;;;;
;;;;;;;;;;;;;;;;;;;;;;
;;;;;;;;;;;;;;;;;;;;;;
;;;;;;;;;;;;;;;;;;;;;;
;;;;;;;;;;;;;;;;;;;;;;
;;;;;;;;;;;;;;;;;;;;;;
;;;;;;;;;;;;;;;;;;;;;;
;;;;;;;;;;;;;;;;;;;;;;
;;;;;;;;;;;;;;;;;;;;;;
;;;;;;;;;;;;;;;;;;;;;;
;;;;;;;;;;;;;;;;;;;;;;
;;;;;;;;;;;;;;;;;;;;;;
;;;;;;;;;;;;;;;;;;;;;;
;;;;;;;;;;;;;;;;;;;;;;
;;;;;;;;;;;;;;;;;;;;;;
;;;;;;;;;;;;;;;;;;;;;;
;;;;;;;;;;;;;;;;;;;;;;
;;;;;;;;;;;;;;;;;;;;;;
;;;;;;;;;;;;;;;;;;;;;;
;;;;;;;;;;;;;;;;;;;;;;
;;;;;;;;;;;;;;;;;;;;;;
;;;;;;;;;;;;;;;;;;;;;;
;;;;;;;;;;;;;;;;;;;;;;
;;;;;;;;;;;;;;;;;;;;;;
;;;;;;;;;;;;;;;;;;;;;;
;;;;;;;;;;;;;;;;;;;;;;
;;;;;;;;;;;;;;;;;;;;;;
;;;;;;;;;;;;;;;;;;;;;;
;;;;;;;;;;;;;;;;;;;;;;
;;;;;;;;;;;;;;;;;;;;;;
;;;;;;;;;;;;;;;;;;;;;;
;;;;;;;;;;;;;;;;;;;;;;
;;;;;;;;;;;;;;;;;;;;;;
;;;;;;;;;;;;;;;;;;;;;;
;;;;;;;;;;;;;;;;;;;;;;
;;;;;;;;;;;;;;;;;;;;;;
;;;;;;;;;;;;;;;;;;;;;;
;;;;;;;;;;;;;;;;;;;;;;
;;;;;;;;;;;;;;;;;;;;;;
;;;;;;;;;;;;;;;;;;;;;;
;;;;;;;;;;;;;;;;;;;;;;
;;;;;;;;;;;;;;;;;;;;;;
;;;;;;;;;;;;;;;;;;;;;;
;;;;;;;;;;;;;;;;;;;;;;
;;;;;;;;;;;;;;;;;;;;;;
;;;;;;;;;;;;;;;;;;;;;;
;;;;;;;;;;;;;;;;;;;;;;
;;;;;;;;;;;;;;;;;;;;;;
;;;;;;;;;;;;;;;;;;;;;;
;;;;;;;;;;;;;;;;;;;;;;
;;;;;;;;;;;;;;;;;;;;;;
;;;;;;;;;;;;;;;;;;;;;;
;;;;;;;;;;;;;;;;;;;;;;
;;;;;;;;;;;;;;;;;;;;;;
;;;;;;;;;;;;;;;;;;;;;;
;;;;;;;;;;;;;;;;;;;;;;
;;;;;;;;;;;;;;;;;;;;;;
;;;;;;;;;;;;;;;;;;;;;;
;;;;;;;;;;;;;;;;;;;;;;
;;;;;;;;;;;;;;;;;;;;;;
;;;;;;;;;;;;;;;;;;;;;;
;;;;;;;;;;;;;;;;;;;;;;
;;;;;;;;;;;;;;;;;;;;;;
;;;;;;;;;;;;;;;;;;;;;;
;;;;;;;;;;;;;;;;;;;;;;
;;;;;;;;;;;;;;;;;;;;;;
;;;;;;;;;;;;;;;;;;;;;;
;;;;;;;;;;;;;;;;;;;;;;
;;;;;;;;;;;;;;;;;;;;;;
;;;;;;;;;;;;;;;;;;;;;;
;;;;;;;;;;;;;;;;;;;;;;
;;;;;;;;;;;;;;;;;;;;;;
;;;;;;;;;;;;;;;;;;;;;;
;;;;;;;;;;;;;;;;;;;;;;
;;;;;;;;;;;;;;;;;;;;;;
;;;;;;;;;;;;;;;;;;;;;;
;;;;;;;;;;;;;;;;;;;;;;
;;;;;;;;;;;;;;;;;;;;;;
;;;;;;;;;;;;;;;;;;;;;;
;;;;;;;;;;;;;;;;;;;;;;
;;;;;;;;;;;;;;;;;;;;;;
;;;;;;;;;;;;;;;;;;;;;;
;;;;;;;;;;;;;;;;;;;;;;
;;;;;;;;;;;;;;;;;;;;;;
;;;;;;;;;;;;;;;;;;;;;;
;;;;;;;;;;;;;;;;;;;;;;
;;;;;;;;;;;;;;;;;;;;;;
;;;;;;;;;;;;;;;;;;;;;;
;;;;;;;;;;;;;;;;;;;;;;
;;;;;;;;;;;;;;;;;;;;;;
;;;;;;;;;;;;;;;;;;;;;;
;;;;;;;;;;;;;;;;;;;;;;
;;;;;;;;;;;;;;;;;;;;;;
;;;;;;;;;;;;;;;;;;;;;;
;;;;;;;;;;;;;;;;;;;;;;
;;;;;;;;;;;;;;;;;;;;;;
;;;;;;;;;;;;;;;;;;;;;;
;;;;;;;;;;;;;;;;;;;;;;
;;;;;;;;;;;;;;;;;;;;;;
;;;;;;;;;;;;;;;;;;;;;;
;;;;;;;;;;;;;;;;;;;;;;
;;;;;;;;;;;;;;;;;;;;;;
;;;;;;;;;;;;;;;;;;;;;;
;;;;;;;;;;;;;;;;;;;;;;
;;;;;;;;;;;;;;;;;;;;;;
;;;;;;;;;;;;;;;;;;;;;;
;;;;;;;;;;;;;;;;;;;;;;
;;;;;;;;;;;;;;;;;;;;;;
;;;;;;;;;;;;;;;;;;;;;;
;;;;;;;;;;;;;;;;;;;;;;
;;;;;;;;;;;;;;;;;;;;;;
;;;;;;;;;;;;;;;;;;;;;;
;;;;;;;;;;;;;;;;;;;;;;
;;;;;;;;;;;;;;;;;;;;;;
;;;;;;;;;;;;;;;;;;;;;;
;;;;;;;;;;;;;;;;;;;;;;
;;;;;;;;;;;;;;;;;;;;;;
;;;;;;;;;;;;;;;;;;;;;;
;;;;;;;;;;;;;;;;;;;;;;
;;;;;;;;;;;;;;;;;;;;;;
;;;;;;;;;;;;;;;;;;;;;;
;;;;;;;;;;;;;;;;;;;;;;
;;;;;;;;;;;;;;;;;;;;;;
;;;;;;;;;;;;;;;;;;;;;;
;;;;;;;;;;;;;;;;;;;;;;
;;;;;;;;;;;;;;;;;;;;;;
;;;;;;;;;;;;;;;;;;;;;;
;;;;;;;;;;;;;;;;;;;;;;
;;;;;;;;;;;;;;;;;;;;;;
;;;;;;;;;;;;;;;;;;;;;;
;;;;;;;;;;;;;;;;;;;;;;
;;;;;;;;;;;;;;;;;;;;;;
;;;;;;;;;;;;;;;;;;;;;;
;;;;;;;;;;;;;;;;;;;;;;
;;;;;;;;;;;;;;;;;;;;;;
;;;;;;;;;;;;;;;;;;;;;;
;;;;;;;;;;;;;;;;;;;;;;
;;;;;;;;;;;;;;;;;;;;;;
;;;;;;;;;;;;;;;;;;;;;;
;;;;;;;;;;;;;;;;;;;;;;
;;;;;;;;;;;;;;;;;;;;;;
;;;;;;;;;;;;;;;;;;;;;;
;;;;;;;;;;;;;;;;;;;;;;
;;;;;;;;;;;;;;;;;;;;;;
;;;;;;;;;;;;;;;;;;;;;;
;;;;;;;;;;;;;;;;;;;;;;
;;;;;;;;;;;;;;;;;;;;;;
;;;;;;;;;;;;;;;;;;;;;;
;;;;;;;;;;;;;;;;;;;;;;
;;;;;;;;;;;;;;;;;;;;;;
;;;;;;;;;;;;;;;;;;;;;;
;;;;;;;;;;;;;;;;;;;;;;
;;;;;;;;;;;;;;;;;;;;;;
;;;;;;;;;;;;;;;;;;;;;;
;;;;;;;;;;;;;;;;;;;;;;
;;;;;;;;;;;;;;;;;;;;;;
;;;;;;;;;;;;;;;;;;;;;;
;;;;;;;;;;;;;;;;;;;;;;
;;;;;;;;;;;;;;;;;;;;;;
;;;;;;;;;;;;;;;;;;;;;;
;;;;;;;;;;;;;;;;;;;;;;
;;;;;;;;;;;;;;;;;;;;;;
;;;;;;;;;;;;;;;;;;;;;;
;;;;;;;;;;;;;;;;;;;;;;
;;;;;;;;;;;;;;;;;;;;;;
;;;;;;;;;;;;;;;;;;;;;;
;;;;;;;;;;;;;;;;;;;;;;
;;;;;;;;;;;;;;;;;;;;;;
;;;;;;;;;;;;;;;;;;;;;;
;;;;;;;;;;;;;;;;;;;;;;
;;;;;;;;;;;;;;;;;;;;;;
;;;;;;;;;;;;;;;;;;;;;;
;;;;;;;;;;;;;;;;;;;;;;
;;;;;;;;;;;;;;;;;;;;;;
;;;;;;;;;;;;;;;;;;;;;;
;;;;;;;;;;;;;;;;;;;;;;
;;;;;;;;;;;;;;;;;;;;;;
;;;;;;;;;;;;;;;;;;;;;;
;;;;;;;;;;;;;;;;;;;;;;
;;;;;;;;;;;;;;;;;;;;;;
;;;;;;;;;;;;;;;;;;;;;;
;;;;;;;;;;;;;;;;;;;;;;
;;;;;;;;;;;;;;;;;;;;;;
;;;;;;;;;;;;;;;;;;;;;;
;;;;;;;;;;;;;;;;;;;;;;
;;;;;;;;;;;;;;;;;;;;;;
;;;;;;;;;;;;;;;;;;;;;;
;;;;;;;;;;;;;;;;;;;;;;
;;;;;;;;;;;;;;;;;;;;;;
;;;;;;;;;;;;;;;;;;;;;;
;;;;;;;;;;;;;;;;;;;;;;
;;;;;;;;;;;;;;;;;;;;;;
;;;;;;;;;;;;;;;;;;;;;;
;;;;;;;;;;;;;;;;;;;;;;
;;;;;;;;;;;;;;;;;;;;;;
;;;;;;;;;;;;;;;;;;;;;;
;;;;;;;;;;;;;;;;;;;;;;
;;;;;;;;;;;;;;;;;;;;;;
;;;;;;;;;;;;;;;;;;;;;;
;;;;;;;;;;;;;;;;;;;;;;
;;;;;;;;;;;;;;;;;;;;;;
;;;;;;;;;;;;;;;;;;;;;;
;;;;;;;;;;;;;;;;;;;;;;
;;;;;;;;;;;;;;;;;;;;;;
;;;;;;;;;;;;;;;;;;;;;;
;;;;;;;;;;;;;;;;;;;;;;
;;;;;;;;;;;;;;;;;;;;;;
;;;;;;;;;;;;;;;;;;;;;;
;;;;;;;;;;;;;;;;;;;;;;
;;;;;;;;;;;;;;;;;;;;;;
;;;;;;;;;;;;;;;;;;;;;;
;;;;;;;;;;;;;;;;;;;;;;
;;;;;;;;;;;;;;;;;;;;;;
;;;;;;;;;;;;;;;;;;;;;;
;;;;;;;;;;;;;;;;;;;;;;
;;;;;;;;;;;;;;;;;;;;;;
;;;;;;;;;;;;;;;;;;;;;;
;;;;;;;;;;;;;;;;;;;;;;
;;;;;;;;;;;;;;;;;;;;;;
;;;;;;;;;;;;;;;;;;;;;;
;;;;;;;;;;;;;;;;;;;;;;
;;;;;;;;;;;;;;;;;;;;;;
;;;;;;;;;;;;;;;;;;;;;;
;;;;;;;;;;;;;;;;;;;;;;
;;;;;;;;;;;;;;;;;;;;;;
;;;;;;;;;;;;;;;;;;;;;;
;;;;;;;;;;;;;;;;;;;;;;
;;;;;;;;;;;;;;;;;;;;;;
;;;;;;;;;;;;;;;;;;;;;;
;;;;;;;;;;;;;;;;;;;;;;
;;;;;;;;;;;;;;;;;;;;;;
;;;;;;;;;;;;;;;;;;;;;;
;;;;;;;;;;;;;;;;;;;;;;
;;;;;;;;;;;;;;;;;;;;;;
;;;;;;;;;;;;;;;;;;;;;;
;;;;;;;;;;;;;;;;;;;;;;
;;;;;;;;;;;;;;;;;;;;;;
;;;;;;;;;;;;;;;;;;;;;;
;;;;;;;;;;;;;;;;;;;;;;
;;;;;;;;;;;;;;;;;;;;;;
;;;;;;;;;;;;;;;;;;;;;;
;;;;;;;;;;;;;;;;;;;;;;
;;;;;;;;;;;;;;;;;;;;;;
;;;;;;;;;;;;;;;;;;;;;;
;;;;;;;;;;;;;;;;;;;;;;
;;;;;;;;;;;;;;;;;;;;;;
;;;;;;;;;;;;;;;;;;;;;;
;;;;;;;;;;;;;;;;;;;;;;
;;;;;;;;;;;;;;;;;;;;;;
;;;;;;;;;;;;;;;;;;;;;;
;;;;;;;;;;;;;;;;;;;;;;
;;;;;;;;;;;;;;;;;;;;;;
;;;;;;;;;;;;;;;;;;;;;;
;;;;;;;;;;;;;;;;;;;;;;
;;;;;;;;;;;;;;;;;;;;;;
;;;;;;;;;;;;;;;;;;;;;;
;;;;;;;;;;;;;;;;;;;;;;
;;;;;;;;;;;;;;;;;;;;;;
;;;;;;;;;;;;;;;;;;;;;;
;;;;;;;;;;;;;;;;;;;;;;
;;;;;;;;;;;;;;;;;;;;;;
;;;;;;;;;;;;;;;;;;;;;;
;;;;;;;;;;;;;;;;;;;;;;
;;;;;;;;;;;;;;;;;;;;;;
;;;;;;;;;;;;;;;;;;;;;;
;;;;;;;;;;;;;;;;;;;;;;
;;;;;;;;;;;;;;;;;;;;;;
;;;;;;;;;;;;;;;;;;;;;;
;;;;;;;;;;;;;;;;;;;;;;
;;;;;;;;;;;;;;;;;;;;;;
;;;;;;;;;;;;;;;;;;;;;;
;;;;;;;;;;;;;;;;;;;;;;
;;;;;;;;;;;;;;;;;;;;;;
;;;;;;;;;;;;;;;;;;;;;;
;;;;;;;;;;;;;;;;;;;;;;
;;;;;;;;;;;;;;;;;;;;;;
;;;;;;;;;;;;;;;;;;;;;;
;;;;;;;;;;;;;;;;;;;;;;
;;;;;;;;;;;;;;;;;;;;;;
;;;;;;;;;;;;;;;;;;;;;;
;;;;;;;;;;;;;;;;;;;;;;
;;;;;;;;;;;;;;;;;;;;;;
;;;;;;;;;;;;;;;;;;;;;;
;;;;;;;;;;;;;;;;;;;;;;
;;;;;;;;;;;;;;;;;;;;;;
;;;;;;;;;;;;;;;;;;;;;;
;;;;;;;;;;;;;;;;;;;;;;
;;;;;;;;;;;;;;;;;;;;;;
;;;;;;;;;;;;;;;;;;;;;;
;;;;;;;;;;;;;;;;;;;;;;
;;;;;;;;;;;;;;;;;;;;;;
;;;;;;;;;;;;;;;;;;;;;;
;;;;;;;;;;;;;;;;;;;;;;
;;;;;;;;;;;;;;;;;;;;;;
;;;;;;;;;;;;;;;;;;;;;;
;;;;;;;;;;;;;;;;;;;;;;
;;;;;;;;;;;;;;;;;;;;;;
;;;;;;;;;;;;;;;;;;;;;;
;;;;;;;;;;;;;;;;;;;;;;
;;;;;;;;;;;;;;;;;;;;;;
;;;;;;;;;;;;;;;;;;;;;;
;;;;;;;;;;;;;;;;;;;;;;
;;;;;;;;;;;;;;;;;;;;;;
;;;;;;;;;;;;;;;;;;;;;;
;;;;;;;;;;;;;;;;;;;;;;
;;;;;;;;;;;;;;;;;;;;;;
;;;;;;;;;;;;;;;;;;;;;;
;;;;;;;;;;;;;;;;;;;;;;
;;;;;;;;;;;;;;;;;;;;;;
;;;;;;;;;;;;;;;;;;;;;;
;;;;;;;;;;;;;;;;;;;;;;
;;;;;;;;;;;;;;;;;;;;;;
;;;;;;;;;;;;;;;;;;;;;;
;;;;;;;;;;;;;;;;;;;;;;
;;;;;;;;;;;;;;;;;;;;;;
;;;;;;;;;;;;;;;;;;;;;;
;;;;;;;;;;;;;;;;;;;;;;
;;;;;;;;;;;;;;;;;;;;;;
;;;;;;;;;;;;;;;;;;;;;;
;;;;;;;;;;;;;;;;;;;;;;
;;;;;;;;;;;;;;;;;;;;;;
;;;;;;;;;;;;;;;;;;;;;;
;;;;;;;;;;;;;;;;;;;;;;
;;;;;;;;;;;;;;;;;;;;;;
;;;;;;;;;;;;;;;;;;;;;;
;;;;;;;;;;;;;;;;;;;;;;
;;;;;;;;;;;;;;;;;;;;;;
;;;;;;;;;;;;;;;;;;;;;;
;;;;;;;;;;;;;;;;;;;;;;
;;;;;;;;;;;;;;;;;;;;;;
;;;;;;;;;;;;;;;;;;;;;;
;;;;;;;;;;;;;;;;;;;;;;
;;;;;;;;;;;;;;;;;;;;;;
;;;;;;;;;;;;;;;;;;;;;;
;;;;;;;;;;;;;;;;;;;;;;
;;;;;;;;;;;;;;;;;;;;;;
;;;;;;;;;;;;;;;;;;;;;;
;;;;;;;;;;;;;;;;;;;;;;
;;;;;;;;;;;;;;;;;;;;;;
;;;;;;;;;;;;;;;;;;;;;;
;;;;;;;;;;;;;;;;;;;;;;
;;;;;;;;;;;;;;;;;;;;;;
;;;;;;;;;;;;;;;;;;;;;;
;;;;;;;;;;;;;;;;;;;;;;
;;;;;;;;;;;;;;;;;;;;;;
;;;;;;;;;;;;;;;;;;;;;;
;;;;;;;;;;;;;;;;;;;;;;
;;;;;;;;;;;;;;;;;;;;;;
;;;;;;;;;;;;;;;;;;;;;;
;;;;;;;;;;;;;;;;;;;;;;
;;;;;;;;;;;;;;;;;;;;;;
;;;;;;;;;;;;;;;;;;;;;;
;;;;;;;;;;;;;;;;;;;;;;
;;;;;;;;;;;;;;;;;;;;;;
;;;;;;;;;;;;;;;;;;;;;;
;;;;;;;;;;;;;;;;;;;;;;
;;;;;;;;;;;;;;;;;;;;;;
;;;;;;;;;;;;;;;;;;;;;;
;;;;;;;;;;;;;;;;;;;;;;
;;;;;;;;;;;;;;;;;;;;;;
;;;;;;;;;;;;;;;;;;;;;;
;;;;;;;;;;;;;;;;;;;;;;
;;;;;;;;;;;;;;;;;;;;;;
;;;;;;;;;;;;;;;;;;;;;;
;;;;;;;;;;;;;;;;;;;;;;
;;;;;;;;;;;;;;;;;;;;;;
;;;;;;;;;;;;;;;;;;;;;;
;;;;;;;;;;;;;;;;;;;;;;
;;;;;;;;;;;;;;;;;;;;;;
;;;;;;;;;;;;;;;;;;;;;;
;;;;;;;;;;;;;;;;;;;;;;
;;;;;;;;;;;;;;;;;;;;;;
;;;;;;;;;;;;;;;;;;;;;;
;;;;;;;;;;;;;;;;;;;;;;
;;;;;;;;;;;;;;;;;;;;;;
;;;;;;;;;;;;;;;;;;;;;;
;;;;;;;;;;;;;;;;;;;;;;
;;;;;;;;;;;;;;;;;;;;;;
;;;;;;;;;;;;;;;;;;;;;;
;;;;;;;;;;;;;;;;;;;;;;
;;;;;;;;;;;;;;;;;;;;;;
;;;;;;;;;;;;;;;;;;;;;;
;;;;;;;;;;;;;;;;;;;;;;
;;;;;;;;;;;;;;;;;;;;;;
;;;;;;;;;;;;;;;;;;;;;;
;;;;;;;;;;;;;;;;;;;;;;
;;;;;;;;;;;;;;;;;;;;;;
;;;;;;;;;;;;;;;;;;;;;;
;;;;;;;;;;;;;;;;;;;;;;
;;;;;;;;;;;;;;;;;;;;;;
;;;;;;;;;;;;;;;;;;;;;;
;;;;;;;;;;;;;;;;;;;;;;
;;;;;;;;;;;;;;;;;;;;;;
;;;;;;;;;;;;;;;;;;;;;;
;;;;;;;;;;;;;;;;;;;;;;
;;;;;;;;;;;;;;;;;;;;;;
;;;;;;;;;;;;;;;;;;;;;;
;;;;;;;;;;;;;;;;;;;;;;
;;;;;;;;;;;;;;;;;;;;;;
;;;;;;;;;;;;;;;;;;;;;;
;;;;;;;;;;;;;;;;;;;;;;
;;;;;;;;;;;;;;;;;;;;;;
;;;;;;;;;;;;;;;;;;;;;;
;;;;;;;;;;;;;;;;;;;;;;
;;;;;;;;;;;;;;;;;;;;;;
;;;;;;;;;;;;;;;;;;;;;;
;;;;;;;;;;;;;;;;;;;;;;
;;;;;;;;;;;;;;;;;;;;;;
;;;;;;;;;;;;;;;;;;;;;;
;;;;;;;;;;;;;;;;;;;;;;
;;;;;;;;;;;;;;;;;;;;;;
;;;;;;;;;;;;;;;;;;;;;;
;;;;;;;;;;;;;;;;;;;;;;
;;;;;;;;;;;;;;;;;;;;;;
;;;;;;;;;;;;;;;;;;;;;;
;;;;;;;;;;;;;;;;;;;;;;
;;;;;;;;;;;;;;;;;;;;;;
;;;;;;;;;;;;;;;;;;;;;;
;;;;;;;;;;;;;;;;;;;;;;
;;;;;;;;;;;;;;;;;;;;;;
;;;;;;;;;;;;;;;;;;;;;;
;;;;;;;;;;;;;;;;;;;;;;
;;;;;;;;;;;;;;;;;;;;;;
;;;;;;;;;;;;;;;;;;;;;;
;;;;;;;;;;;;;;;;;;;;;;
;;;;;;;;;;;;;;;;;;;;;;
;;;;;;;;;;;;;;;;;;;;;;
;;;;;;;;;;;;;;;;;;;;;;
;;;;;;;;;;;;;;;;;;;;;;
;;;;;;;;;;;;;;;;;;;;;;
;;;;;;;;;;;;;;;;;;;;;;
;;;;;;;;;;;;;;;;;;;;;;
;;;;;;;;;;;;;;;;;;;;;;
;;;;;;;;;;;;;;;;;;;;;;
;;;;;;;;;;;;;;;;;;;;;;
;;;;;;;;;;;;;;;;;;;;;;
;;;;;;;;;;;;;;;;;;;;;;
;;;;;;;;;;;;;;;;;;;;;;
;;;;;;;;;;;;;;;;;;;;;;
;;;;;;;;;;;;;;;;;;;;;;
;;;;;;;;;;;;;;;;;;;;;;
;;;;;;;;;;;;;;;;;;;;;;
;;;;;;;;;;;;;;;;;;;;;;
;;;;;;;;;;;;;;;;;;;;;;
;;;;;;;;;;;;;;;;;;;;;;
;;;;;;;;;;;;;;;;;;;;;;
;;;;;;;;;;;;;;;;;;;;;;
;;;;;;;;;;;;;;;;;;;;;;
;;;;;;;;;;;;;;;;;;;;;;
;;;;;;;;;;;;;;;;;;;;;;
;;;;;;;;;;;;;;;;;;;;;;
;;;;;;;;;;;;;;;;;;;;;;
;;;;;;;;;;;;;;;;;;;;;;
;;;;;;;;;;;;;;;;;;;;;;
;;;;;;;;;;;;;;;;;;;;;;
;;;;;;;;;;;;;;;;;;;;;;
;;;;;;;;;;;;;;;;;;;;;;
;;;;;;;;;;;;;;;;;;;;;;
;;;;;;;;;;;;;;;;;;;;;;
;;;;;;;;;;;;;;;;;;;;;;
;;;;;;;;;;;;;;;;;;;;;;
;;;;;;;;;;;;;;;;;;;;;;
;;;;;;;;;;;;;;;;;;;;;;
;;;;;;;;;;;;;;;;;;;;;;
;;;;;;;;;;;;;;;;;;;;;;
;;;;;;;;;;;;;;;;;;;;;;
;;;;;;;;;;;;;;;;;;;;;;
;;;;;;;;;;;;;;;;;;;;;;
;;;;;;;;;;;;;;;;;;;;;;
;;;;;;;;;;;;;;;;;;;;;;
;;;;;;;;;;;;;;;;;;;;;;
;;;;;;;;;;;;;;;;;;;;;;
;;;;;;;;;;;;;;;;;;;;;;
;;;;;;;;;;;;;;;;;;;;;;
;;;;;;;;;;;;;;;;;;;;;;
;;;;;;;;;;;;;;;;;;;;;;
;;;;;;;;;;;;;;;;;;;;;;
;;;;;;;;;;;;;;;;;;;;;;
;;;;;;;;;;;;;;;;;;;;;;
;;;;;;;;;;;;;;;;;;;;;;
;;;;;;;;;;;;;;;;;;;;;;
;;;;;;;;;;;;;;;;;;;;;;
;;;;;;;;;;;;;;;;;;;;;;
;;;;;;;;;;;;;;;;;;;;;;
;;;;;;;;;;;;;;;;;;;;;;
;;;;;;;;;;;;;;;;;;;;;;
;;;;;;;;;;;;;;;;;;;;;;
;;;;;;;;;;;;;;;;;;;;;;
;;;;;;;;;;;;;;;;;;;;;;
;;;;;;;;;;;;;;;;;;;;;;
;;;;;;;;;;;;;;;;;;;;;;
;;;;;;;;;;;;;;;;;;;;;;
;;;;;;;;;;;;;;;;;;;;;;
;;;;;;;;;;;;;;;;;;;;;;
;;;;;;;;;;;;;;;;;;;;;;
;;;;;;;;;;;;;;;;;;;;;;
;;;;;;;;;;;;;;;;;;;;;;
;;;;;;;;;;;;;;;;;;;;;;
;;;;;;;;;;;;;;;;;;;;;;
;;;;;;;;;;;;;;;;;;;;;;
;;;;;;;;;;;;;;;;;;;;;;
;;;;;;;;;;;;;;;;;;;;;;
;;;;;;;;;;;;;;;;;;;;;;
;;;;;;;;;;;;;;;;;;;;;;
;;;;;;;;;;;;;;;;;;;;;;
;;;;;;;;;;;;;;;;;;;;;;
;;;;;;;;;;;;;;;;;;;;;;
;;;;;;;;;;;;;;;;;;;;;;
;;;;;;;;;;;;;;;;;;;;;;
;;;;;;;;;;;;;;;;;;;;;;
;;;;;;;;;;;;;;;;;;;;;;
;;;;;;;;;;;;;;;;;;;;;;
;;;;;;;;;;;;;;;;;;;;;;
;;;;;;;;;;;;;;;;;;;;;;
;;;;;;;;;;;;;;;;;;;;;;
;;;;;;;;;;;;;;;;;;;;;;
;;;;;;;;;;;;;;;;;;;;;;
;;;;;;;;;;;;;;;;;;;;;;
;;;;;;;;;;;;;;;;;;;;;;
;;;;;;;;;;;;;;;;;;;;;;
;;;;;;;;;;;;;;;;;;;;;;
;;;;;;;;;;;;;;;;;;;;;;
;;;;;;;;;;;;;;;;;;;;;;
;;;;;;;;;;;;;;;;;;;;;;
;;;;;;;;;;;;;;;;;;;;;;
;;;;;;;;;;;;;;;;;;;;;;
;;;;;;;;;;;;;;;;;;;;;;
;;;;;;;;;;;;;;;;;;;;;;
;;;;;;;;;;;;;;;;;;;;;;
;;;;;;;;;;;;;;;;;;;;;;
;;;;;;;;;;;;;;;;;;;;;;
;;;;;;;;;;;;;;;;;;;;;;
;;;;;;;;;;;;;;;;;;;;;;
;;;;;;;;;;;;;;;;;;;;;;
;;;;;;;;;;;;;;;;;;;;;;
;;;;;;;;;;;;;;;;;;;;;;
;;;;;;;;;;;;;;;;;;;;;;
;;;;;;;;;;;;;;;;;;;;;;
;;;;;;;;;;;;;;;;;;;;;;
;;;;;;;;;;;;;;;;;;;;;;
;;;;;;;;;;;;;;;;;;;;;;
;;;;;;;;;;;;;;;;;;;;;;
;;;;;;;;;;;;;;;;;;;;;;
;;;;;;;;;;;;;;;;;;;;;;
;;;;;;;;;;;;;;;;;;;;;;
;;;;;;;;;;;;;;;;;;;;;;
;;;;;;;;;;;;;;;;;;;;;;
;;;;;;;;;;;;;;;;;;;;;;
;;;;;;;;;;;;;;;;;;;;;;
;;;;;;;;;;;;;;;;;;;;;;
;;;;;;;;;;;;;;;;;;;;;;
;;;;;;;;;;;;;;;;;;;;;;
;;;;;;;;;;;;;;;;;;;;;;
;;;;;;;;;;;;;;;;;;;;;;
;;;;;;;;;;;;;;;;;;;;;;
;;;;;;;;;;;;;;;;;;;;;;
;;;;;;;;;;;;;;;;;;;;;;
;;;;;;;;;;;;;;;;;;;;;;
;;;;;;;;;;;;;;;;;;;;;;
;;;;;;;;;;;;;;;;;;;;;;
;;;;;;;;;;;;;;;;;;;;;;
;;;;;;;;;;;;;;;;;;;;;;
;;;;;;;;;;;;;;;;;;;;;;
;;;;;;;;;;;;;;;;;;;;;;
;;;;;;;;;;;;;;;;;;;;;;
;;;;;;;;;;;;;;;;;;;;;;
;;;;;;;;;;;;;;;;;;;;;;
;;;;;;;;;;;;;;;;;;;;;;
;;;;;;;;;;;;;;;;;;;;;;
;;;;;;;;;;;;;;;;;;;;;;
;;;;;;;;;;;;;;;;;;;;;;
;;;;;;;;;;;;;;;;;;;;;;
;;;;;;;;;;;;;;;;;;;;;;
;;;;;;;;;;;;;;;;;;;;;;
;;;;;;;;;;;;;;;;;;;;;;
;;;;;;;;;;;;;;;;;;;;;;
;;;;;;;;;;;;;;;;;;;;;;
;;;;;;;;;;;;;;;;;;;;;;
;;;;;;;;;;;;;;;;;;;;;;
;;;;;;;;;;;;;;;;;;;;;;
;;;;;;;;;;;;;;;;;;;;;;
;;;;;;;;;;;;;;;;;;;;;;
;;;;;;;;;;;;;;;;;;;;;;
;;;;;;;;;;;;;;;;;;;;;;
;;;;;;;;;;;;;;;;;;;;;;
;;;;;;;;;;;;;;;;;;;;;;
;;;;;;;;;;;;;;;;;;;;;;
;;;;;;;;;;;;;;;;;;;;;;
;;;;;;;;;;;;;;;;;;;;;;
;;;;;;;;;;;;;;;;;;;;;;
;;;;;;;;;;;;;;;;;;;;;;
;;;;;;;;;;;;;;;;;;;;;;
;;;;;;;;;;;;;;;;;;;;;;
;;;;;;;;;;;;;;;;;;;;;;
;;;;;;;;;;;;;;;;;;;;;;
;;;;;;;;;;;;;;;;;;;;;;
;;;;;;;;;;;;;;;;;;;;;;
;;;;;;;;;;;;;;;;;;;;;;
;;;;;;;;;;;;;;;;;;;;;;
;;;;;;;;;;;;;;;;;;;;;;
;;;;;;;;;;;;;;;;;;;;;;
;;;;;;;;;;;;;;;;;;;;;;
;;;;;;;;;;;;;;;;;;;;;;
;;;;;;;;;;;;;;;;;;;;;;
;;;;;;;;;;;;;;;;;;;;;;
;;;;;;;;;;;;;;;;;;;;;;
;;;;;;;;;;;;;;;;;;;;;;
;;;;;;;;;;;;;;;;;;;;;;
;;;;;;;;;;;;;;;;;;;;;;
;;;;;;;;;;;;;;;;;;;;;;
;;;;;;;;;;;;;;;;;;;;;;
;;;;;;;;;;;;;;;;;;;;;;
;;;;;;;;;;;;;;;;;;;;;;
;;;;;;;;;;;;;;;;;;;;;;
;;;;;;;;;;;;;;;;;;;;;;
;;;;;;;;;;;;;;;;;;;;;;
;;;;;;;;;;;;;;;;;;;;;;
;;;;;;;;;;;;;;;;;;;;;;
;;;;;;;;;;;;;;;;;;;;;;
;;;;;;;;;;;;;;;;;;;;;;
;;;;;;;;;;;;;;;;;;;;;;
;;;;;;;;;;;;;;;;;;;;;;
;;;;;;;;;;;;;;;;;;;;;;
;;;;;;;;;;;;;;;;;;;;;;
;;;;;;;;;;;;;;;;;;;;;;
;;;;;;;;;;;;;;;;;;;;;;
;;;;;;;;;;;;;;;;;;;;;;
;;;;;;;;;;;;;;;;;;;;;;
;;;;;;;;;;;;;;;;;;;;;;
;;;;;;;;;;;;;;;;;;;;;;
;;;;;;;;;;;;;;;;;;;;;;
;;;;;;;;;;;;;;;;;;;;;;
;;;;;;;;;;;;;;;;;;;;;;
;;;;;;;;;;;;;;;;;;;;;;
;;;;;;;;;;;;;;;;;;;;;;
;;;;;;;;;;;;;;;;;;;;;;
;;;;;;;;;;;;;;;;;;;;;;
;;;;;;;;;;;;;;;;;;;;;;
;;;;;;;;;;;;;;;;;;;;;;
;;;;;;;;;;;;;;;;;;;;;;
;;;;;;;;;;;;;;;;;;;;;;
;;;;;;;;;;;;;;;;;;;;;;
;;;;;;;;;;;;;;;;;;;;;;
;;;;;;;;;;;;;;;;;;;;;;
;;;;;;;;;;;;;;;;;;;;;;
;;;;;;;;;;;;;;;;;;;;;;
;;;;;;;;;;;;;;;;;;;;;;
;;;;;;;;;;;;;;;;;;;;;;
;;;;;;;;;;;;;;;;;;;;;;
;;;;;;;;;;;;;;;;;;;;;;
;;;;;;;;;;;;;;;;;;;;;;
;;;;;;;;;;;;;;;;;;;;;;
;;;;;;;;;;;;;;;;;;;;;;
;;;;;;;;;;;;;;;;;;;;;;
;;;;;;;;;;;;;;;;;;;;;;
;;;;;;;;;;;;;;;;;;;;;;
;;;;;;;;;;;;;;;;;;;;;;
;;;;;;;;;;;;;;;;;;;;;;
;;;;;;;;;;;;;;;;;;;;;;
;;;;;;;;;;;;;;;;;;;;;;
;;;;;;;;;;;;;;;;;;;;;;
;;;;;;;;;;;;;;;;;;;;;;
;;;;;;;;;;;;;;;;;;;;;;
;;;;;;;;;;;;;;;;;;;;;;
;;;;;;;;;;;;;;;;;;;;;;
;;;;;;;;;;;;;;;;;;;;;;
;;;;;;;;;;;;;;;;;;;;;;
;;;;;;;;;;;;;;;;;;;;;;
;;;;;;;;;;;;;;;;;;;;;;
;;;;;;;;;;;;;;;;;;;;;;
;;;;;;;;;;;;;;;;;;;;;;
;;;;;;;;;;;;;;;;;;;;;;
;;;;;;;;;;;;;;;;;;;;;;
;;;;;;;;;;;;;;;;;;;;;;
;;;;;;;;;;;;;;;;;;;;;;
;;;;;;;;;;;;;;;;;;;;;;
;;;;;;;;;;;;;;;;;;;;;;
;;;;;;;;;;;;;;;;;;;;;;
;;;;;;;;;;;;;;;;;;;;;;
;;;;;;;;;;;;;;;;;;;;;;
;;;;;;;;;;;;;;;;;;;;;;
;;;;;;;;;;;;;;;;;;;;;;
;;;;;;;;;;;;;;;;;;;;;;
;;;;;;;;;;;;;;;;;;;;;;
;;;;;;;;;;;;;;;;;;;;;;
;;;;;;;;;;;;;;;;;;;;;;
;;;;;;;;;;;;;;;;;;;;;;
;;;;;;;;;;;;;;;;;;;;;;
;;;;;;;;;;;;;;;;;;;;;;
;;;;;;;;;;;;;;;;;;;;;;
;;;;;;;;;;;;;;;;;;;;;;
;;;;;;;;;;;;;;;;;;;;;;
;;;;;;;;;;;;;;;;;;;;;;
;;;;;;;;;;;;;;;;;;;;;;
;;;;;;;;;;;;;;;;;;;;;;
;;;;;;;;;;;;;;;;;;;;;;
;;;;;;;;;;;;;;;;;;;;;;
;;;;;;;;;;;;;;;;;;;;;;
;;;;;;;;;;;;;;;;;;;;;;
;;;;;;;;;;;;;;;;;;;;;;
;;;;;;;;;;;;;;;;;;;;;;
;;;;;;;;;;;;;;;;;;;;;;
;;;;;;;;;;;;;;;;;;;;;;
;;;;;;;;;;;;;;;;;;;;;;
;;;;;;;;;;;;;;;;;;;;;;
;;;;;;;;;;;;;;;;;;;;;;
;;;;;;;;;;;;;;;;;;;;;;
;;;;;;;;;;;;;;;;;;;;;;
;;;;;;;;;;;;;;;;;;;;;;
;;;;;;;;;;;;;;;;;;;;;;
;;;;;;;;;;;;;;;;;;;;;;
;;;;;;;;;;;;;;;;;;;;;;
;;;;;;;;;;;;;;;;;;;;;;
;;;;;;;;;;;;;;;;;;;;;;
;;;;;;;;;;;;;;;;;;;;;;
;;;;;;;;;;;;;;;;;;;;;;
;;;;;;;;;;;;;;;;;;;;;;
;;;;;;;;;;;;;;;;;;;;;;
;;;;;;;;;;;;;;;;;;;;;;
;;;;;;;;;;;;;;;;;;;;;;
;;;;;;;;;;;;;;;;;;;;;;
;;;;;;;;;;;;;;;;;;;;;;
;;;;;;;;;;;;;;;;;;;;;;
;;;;;;;;;;;;;;;;;;;;;;
;;;;;;;;;;;;;;;;;;;;;;
;;;;;;;;;;;;;;;;;;;;;;
;;;;;;;;;;;;;;;;;;;;;;
;;;;;;;;;;;;;;;;;;;;;;
;;;;;;;;;;;;;;;;;;;;;;
;;;;;;;;;;;;;;;;;;;;;;
;;;;;;;;;;;;;;;;;;;;;;
;;;;;;;;;;;;;;;;;;;;;;
;;;;;;;;;;;;;;;;;;;;;;
;;;;;;;;;;;;;;;;;;;;;;
;;;;;;;;;;;;;;;;;;;;;;
;;;;;;;;;;;;;;;;;;;;;;
;;;;;;;;;;;;;;;;;;;;;;
;;;;;;;;;;;;;;;;;;;;;;
;;;;;;;;;;;;;;;;;;;;;;
;;;;;;;;;;;;;;;;;;;;;;
;;;;;;;;;;;;;;;;;;;;;;
;;;;;;;;;;;;;;;;;;;;;;
;;;;;;;;;;;;;;;;;;;;;;
;;;;;;;;;;;;;;;;;;;;;;
;;;;;;;;;;;;;;;;;;;;;;
;;;;;;;;;;;;;;;;;;;;;;
;;;;;;;;;;;;;;;;;;;;;;
;;;;;;;;;;;;;;;;;;;;;;
;;;;;;;;;;;;;;;;;;;;;;
;;;;;;;;;;;;;;;;;;;;;;
;;;;;;;;;;;;;;;;;;;;;;
;;;;;;;;;;;;;;;;;;;;;;
;;;;;;;;;;;;;;;;;;;;;;
;;;;;;;;;;;;;;;;;;;;;;
;;;;;;;;;;;;;;;;;;;;;;
;;;;;;;;;;;;;;;;;;;;;;
;;;;;;;;;;;;;;;;;;;;;;
;;;;;;;;;;;;;;;;;;;;;;
;;;;;;;;;;;;;;;;;;;;;;
;;;;;;;;;;;;;;;;;;;;;;
;;;;;;;;;;;;;;;;;;;;;;
;;;;;;;;;;;;;;;;;;;;;;
;;;;;;;;;;;;;;;;;;;;;;
;;;;;;;;;;;;;;;;;;;;;;
;;;;;;;;;;;;;;;;;;;;;;
;;;;;;;;;;;;;;;;;;;;;;
;;;;;;;;;;;;;;;;;;;;;;
;;;;;;;;;;;;;;;;;;;;;;
;;;;;;;;;;;;;;;;;;;;;;
;;;;;;;;;;;;;;;;;;;;;;
;;;;;;;;;;;;;;;;;;;;;;
;;;;;;;;;;;;;;;;;;;;;;
;;;;;;;;;;;;;;;;;;;;;;
;;;;;;;;;;;;;;;;;;;;;;
;;;;;;;;;;;;;;;;;;;;;;
;;;;;;;;;;;;;;;;;;;;;;
;;;;;;;;;;;;;;;;;;;;;;
;;;;;;;;;;;;;;;;;;;;;;
;;;;;;;;;;;;;;;;;;;;;;
;;;;;;;;;;;;;;;;;;;;;;
;;;;;;;;;;;;;;;;;;;;;;
;;;;;;;;;;;;;;;;;;;;;;
;;;;;;;;;;;;;;;;;;;;;;
;;;;;;;;;;;;;;;;;;;;;;
;;;;;;;;;;;;;;;;;;;;;;
;;;;;;;;;;;;;;;;;;;;;;
;;;;;;;;;;;;;;;;;;;;;;
;;;;;;;;;;;;;;;;;;;;;;
;;;;;;;;;;;;;;;;;;;;;;
;;;;;;;;;;;;;;;;;;;;;;
;;;;;;;;;;;;;;;;;;;;;;
;;;;;;;;;;;;;;;;;;;;;;
;;;;;;;;;;;;;;;;;;;;;;
;;;;;;;;;;;;;;;;;;;;;;
;;;;;;;;;;;;;;;;;;;;;;
;;;;;;;;;;;;;;;;;;;;;;
;;;;;;;;;;;;;;;;;;;;;;
;;;;;;;;;;;;;;;;;;;;;;
;;;;;;;;;;;;;;;;;;;;;;
;;;;;;;;;;;;;;;;;;;;;;
;;;;;;;;;;;;;;;;;;;;;;
;;;;;;;;;;;;;;;;;;;;;;
;;;;;;;;;;;;;;;;;;;;;;
;;;;;;;;;;;;;;;;;;;;;;
;;;;;;;;;;;;;;;;;;;;;;
;;;;;;;;;;;;;;;;;;;;;;
;;;;;;;;;;;;;;;;;;;;;;
;;;;;;;;;;;;;;;;;;;;;;
;;;;;;;;;;;;;;;;;;;;;;
;;;;;;;;;;;;;;;;;;;;;;
;;;;;;;;;;;;;;;;;;;;;;
;;;;;;;;;;;;;;;;;;;;;;
;;;;;;;;;;;;;;;;;;;;;;
;;;;;;;;;;;;;;;;;;;;;;
;;;;;;;;;;;;;;;;;;;;;;
;;;;;;;;;;;;;;;;;;;;;;
;;;;;;;;;;;;;;;;;;;;;;
;;;;;;;;;;;;;;;;;;;;;;
;;;;;;;;;;;;;;;;;;;;;;
;;;;;;;;;;;;;;;;;;;;;;
;;;;;;;;;;;;;;;;;;;;;;
;;;;;;;;;;;;;;;;;;;;;;
;;;;;;;;;;;;;;;;;;;;;;
;;;;;;;;;;;;;;;;;;;;;;
;;;;;;;;;;;;;;;;;;;;;;
;;;;;;;;;;;;;;;;;;;;;;
;;;;;;;;;;;;;;;;;;;;;;
;;;;;;;;;;;;;;;;;;;;;;
;;;;;;;;;;;;;;;;;;;;;;
;;;;;;;;;;;;;;;;;;;;;;
;;;;;;;;;;;;;;;;;;;;;;
;;;;;;;;;;;;;;;;;;;;;;
;;;;;;;;;;;;;;;;;;;;;;
;;;;;;;;;;;;;;;;;;;;;;
;;;;;;;;;;;;;;;;;;;;;;
;;;;;;;;;;;;;;;;;;;;;;
;;;;;;;;;;;;;;;;;;;;;;
;;;;;;;;;;;;;;;;;;;;;;
;;;;;;;;;;;;;;;;;;;;;;
;;;;;;;;;;;;;;;;;;;;;;
;;;;;;;;;;;;;;;;;;;;;;
;;;;;;;;;;;;;;;;;;;;;;
;;;;;;;;;;;;;;;;;;;;;;
;;;;;;;;;;;;;;;;;;;;;;
;;;;;;;;;;;;;;;;;;;;;;
;;;;;;;;;;;;;;;;;;;;;;
;;;;;;;;;;;;;;;;;;;;;;
;;;;;;;;;;;;;;;;;;;;;;
;;;;;;;;;;;;;;;;;;;;;;
;;;;;;;;;;;;;;;;;;;;;;
;;;;;;;;;;;;;;;;;;;;;;
;;;;;;;;;;;;;;;;;;;;;;
;;;;;;;;;;;;;;;;;;;;;;
;;;;;;;;;;;;;;;;;;;;;;
;;;;;;;;;;;;;;;;;;;;;;
;;;;;;;;;;;;;;;;;;;;;;
;;;;;;;;;;;;;;;;;;;;;;
;;;;;;;;;;;;;;;;;;;;;;
;;;;;;;;;;;;;;;;;;;;;;
;;;;;;;;;;;;;;;;;;;;;;
;;;;;;;;;;;;;;;;;;;;;;
;;;;;;;;;;;;;;;;;;;;;;
;;;;;;;;;;;;;;;;;;;;;;
;;;;;;;;;;;;;;;;;;;;;;
;;;;;;;;;;;;;;;;;;;;;;
;;;;;;;;;;;;;;;;;;;;;;
;;;;;;;;;;;;;;;;;;;;;;
;;;;;;;;;;;;;;;;;;;;;;
;;;;;;;;;;;;;;;;;;;;;;
;;;;;;;;;;;;;;;;;;;;;;
;;;;;;;;;;;;;;;;;;;;;;
;;;;;;;;;;;;;;;;;;;;;;
;;;;;;;;;;;;;;;;;;;;;;
;;;;;;;;;;;;;;;;;;;;;;
;;;;;;;;;;;;;;;;;;;;;;
;;;;;;;;;;;;;;;;;;;;;;
;;;;;;;;;;;;;;;;;;;;;;
;;;;;;;;;;;;;;;;;;;;;;
;;;;;;;;;;;;;;;;;;;;;;
;;;;;;;;;;;;;;;;;;;;;;
;;;;;;;;;;;;;;;;;;;;;;
;;;;;;;;;;;;;;;;;;;;;;
;;;;;;;;;;;;;;;;;;;;;;
;;;;;;;;;;;;;;;;;;;;;;
;;;;;;;;;;;;;;;;;;;;;;
;;;;;;;;;;;;;;;;;;;;;;
;;;;;;;;;;;;;;;;;;;;;;
;;;;;;;;;;;;;;;;;;;;;;
;;;;;;;;;;;;;;;;;;;;;;
;;;;;;;;;;;;;;;;;;;;;;
;;;;;;;;;;;;;;;;;;;;;;
;;;;;;;;;;;;;;;;;;;;;;
;;;;;;;;;;;;;;;;;;;;;;
;;;;;;;;;;;;;;;;;;;;;;
;;;;;;;;;;;;;;;;;;;;;;
;;;;;;;;;;;;;;;;;;;;;;
;;;;;;;;;;;;;;;;;;;;;;
;;;;;;;;;;;;;;;;;;;;;;
;;;;;;;;;;;;;;;;;;;;;;
;;;;;;;;;;;;;;;;;;;;;;
;;;;;;;;;;;;;;;;;;;;;;
;;;;;;;;;;;;;;;;;;;;;;
;;;;;;;;;;;;;;;;;;;;;;
;;;;;;;;;;;;;;;;;;;;;;
;;;;;;;;;;;;;;;;;;;;;;
;;;;;;;;;;;;;;;;;;;;;;
;;;;;;;;;;;;;;;;;;;;;;
;;;;;;;;;;;;;;;;;;;;;;
;;;;;;;;;;;;;;;;;;;;;;
;;;;;;;;;;;;;;;;;;;;;;
;;;;;;;;;;;;;;;;;;;;;;
;;;;;;;;;;;;;;;;;;;;;;
;;;;;;;;;;;;;;;;;;;;;;
;;;;;;;;;;;;;;;;;;;;;;
;;;;;;;;;;;;;;;;;;;;;;
;;;;;;;;;;;;;;;;;;;;;;
;;;;;;;;;;;;;;;;;;;;;;
;;;;;;;;;;;;;;;;;;;;;;
;;;;;;;;;;;;;;;;;;;;;;
;;;;;;;;;;;;;;;;;;;;;;
;;;;;;;;;;;;;;;;;;;;;;
;;;;;;;;;;;;;;;;;;;;;;
;;;;;;;;;;;;;;;;;;;;;;
;;;;;;;;;;;;;;;;;;;;;;
;;;;;;;;;;;;;;;;;;;;;;
;;;;;;;;;;;;;;;;;;;;;;
;;;;;;;;;;;;;;;;;;;;;;
;;;;;;;;;;;;;;;;;;;;;;
;;;;;;;;;;;;;;;;;;;;;;
;;;;;;;;;;;;;;;;;;;;;;
;;;;;;;;;;;;;;;;;;;;;;
;;;;;;;;;;;;;;;;;;;;;;
;;;;;;;;;;;;;;;;;;;;;;
;;;;;;;;;;;;;;;;;;;;;;
;;;;;;;;;;;;;;;;;;;;;;
;;;;;;;;;;;;;;;;;;;;;;
;;;;;;;;;;;;;;;;;;;;;;
;;;;;;;;;;;;;;;;;;;;;;
;;;;;;;;;;;;;;;;;;;;;;
;;;;;;;;;;;;;;;;;;;;;;
;;;;;;;;;;;;;;;;;;;;;;
;;;;;;;;;;;;;;;;;;;;;;
;;;;;;;;;;;;;;;;;;;;;;
;;;;;;;;;;;;;;;;;;;;;;
;;;;;;;;;;;;;;;;;;;;;;
;;;;;;;;;;;;;;;;;;;;;;
;;;;;;;;;;;;;;;;;;;;;;
;;;;;;;;;;;;;;;;;;;;;;
;;;;;;;;;;;;;;;;;;;;;;
;;;;;;;;;;;;;;;;;;;;;;
;;;;;;;;;;;;;;;;;;;;;;
;;;;;;;;;;;;;;;;;;;;;;
;;;;;;;;;;;;;;;;;;;;;;
;;;;;;;;;;;;;;;;;;;;;;
;;;;;;;;;;;;;;;;;;;;;;
;;;;;;;;;;;;;;;;;;;;;;
;;;;;;;;;;;;;;;;;;;;;;
;;;;;;;;;;;;;;;;;;;;;;
;;;;;;;;;;;;;;;;;;;;;;
;;;;;;;;;;;;;;;;;;;;;;
;;;;;;;;;;;;;;;;;;;;;;
;;;;;;;;;;;;;;;;;;;;;;
;;;;;;;;;;;;;;;;;;;;;;
;;;;;;;;;;;;;;;;;;;;;;
;;;;;;;;;;;;;;;;;;;;;;
;;;;;;;;;;;;;;;;;;;;;;
;;;;;;;;;;;;;;;;;;;;;;
;;;;;;;;;;;;;;;;;;;;;;
;;;;;;;;;;;;;;;;;;;;;;
;;;;;;;;;;;;;;;;;;;;;;
;;;;;;;;;;;;;;;;;;;;;;
;;;;;;;;;;;;;;;;;;;;;;
;;;;;;;;;;;;;;;;;;;;;;
;;;;;;;;;;;;;;;;;;;;;;
;;;;;;;;;;;;;;;;;;;;;;
;;;;;;;;;;;;;;;;;;;;;;
;;;;;;;;;;;;;;;;;;;;;;
;;;;;;;;;;;;;;;;;;;;;;
;;;;;;;;;;;;;;;;;;;;;;
;;;;;;;;;;;;;;;;;;;;;;
;;;;;;;;;;;;;;;;;;;;;;
;;;;;;;;;;;;;;;;;;;;;;
;;;;;;;;;;;;;;;;;;;;;;
;;;;;;;;;;;;;;;;;;;;;;
;;;;;;;;;;;;;;;;;;;;;;
;;;;;;;;;;;;;;;;;;;;;;
;;;;;;;;;;;;;;;;;;;;;;
;;;;;;;;;;;;;;;;;;;;;;
;;;;;;;;;;;;;;;;;;;;;;
;;;;;;;;;;;;;;;;;;;;;;
;;;;;;;;;;;;;;;;;;;;;;
;;;;;;;;;;;;;;;;;;;;;;
;;;;;;;;;;;;;;;;;;;;;;
;;;;;;;;;;;;;;;;;;;;;;
;;;;;;;;;;;;;;;;;;;;;;
;;;;;;;;;;;;;;;;;;;;;;
;;;;;;;;;;;;;;;;;;;;;;
;;;;;;;;;;;;;;;;;;;;;;
;;;;;;;;;;;;;;;;;;;;;;
;;;;;;;;;;;;;;;;;;;;;;
;;;;;;;;;;;;;;;;;;;;;;
;;;;;;;;;;;;;;;;;;;;;;
;;;;;;;;;;;;;;;;;;;;;;
;;;;;;;;;;;;;;;;;;;;;;
;;;;;;;;;;;;;;;;;;;;;;
;;;;;;;;;;;;;;;;;;;;;;
;;;;;;;;;;;;;;;;;;;;;;
;;;;;;;;;;;;;;;;;;;;;;
;;;;;;;;;;;;;;;;;;;;;;
;;;;;;;;;;;;;;;;;;;;;;
;;;;;;;;;;;;;;;;;;;;;;
;;;;;;;;;;;;;;;;;;;;;;
;;;;;;;;;;;;;;;;;;;;;;
;;;;;;;;;;;;;;;;;;;;;;
;;;;;;;;;;;;;;;;;;;;;;
;;;;;;;;;;;;;;;;;;;;;;
;;;;;;;;;;;;;;;;;;;;;;
;;;;;;;;;;;;;;;;;;;;;;
;;;;;;;;;;;;;;;;;;;;;;
;;;;;;;;;;;;;;;;;;;;;;
;;;;;;;;;;;;;;;;;;;;;;
;;;;;;;;;;;;;;;;;;;;;;
;;;;;;;;;;;;;;;;;;;;;;
;;;;;;;;;;;;;;;;;;;;;;
;;;;;;;;;;;;;;;;;;;;;;
;;;;;;;;;;;;;;;;;;;;;;
;;;;;;;;;;;;;;;;;;;;;;
;;;;;;;;;;;;;;;;;;;;;;
;;;;;;;;;;;;;;;;;;;;;;
;;;;;;;;;;;;;;;;;;;;;;
;;;;;;;;;;;;;;;;;;;;;;
;;;;;;;;;;;;;;;;;;;;;;
;;;;;;;;;;;;;;;;;;;;;;
;;;;;;;;;;;;;;;;;;;;;;
;;;;;;;;;;;;;;;;;;;;;;
;;;;;;;;;;;;;;;;;;;;;;
;;;;;;;;;;;;;;;;;;;;;;
;;;;;;;;;;;;;;;;;;;;;;
;;;;;;;;;;;;;;;;;;;;;;
;;;;;;;;;;;;;;;;;;;;;;
;;;;;;;;;;;;;;;;;;;;;;
;;;;;;;;;;;;;;;;;;;;;;
;;;;;;;;;;;;;;;;;;;;;;
;;;;;;;;;;;;;;;;;;;;;;
;;;;;;;;;;;;;;;;;;;;;;
;;;;;;;;;;;;;;;;;;;;;;
;;;;;;;;;;;;;;;;;;;;;;
;;;;;;;;;;;;;;;;;;;;;;
;;;;;;;;;;;;;;;;;;;;;;
;;;;;;;;;;;;;;;;;;;;;;
;;;;;;;;;;;;;;;;;;;;;;
;;;;;;;;;;;;;;;;;;;;;;
;;;;;;;;;;;;;;;;;;;;;;
;;;;;;;;;;;;;;;;;;;;;;
;;;;;;;;;;;;;;;;;;;;;;
;;;;;;;;;;;;;;;;;;;;;;
;;;;;;;;;;;;;;;;;;;;;;
;;;;;;;;;;;;;;;;;;;;;;
;;;;;;;;;;;;;;;;;;;;;;
;;;;;;;;;;;;;;;;;;;;;;
;;;;;;;;;;;;;;;;;;;;;;
;;;;;;;;;;;;;;;;;;;;;;
;;;;;;;;;;;;;;;;;;;;;;
;;;;;;;;;;;;;;;;;;;;;;
;;;;;;;;;;;;;;;;;;;;;;
;;;;;;;;;;;;;;;;;;;;;;
;;;;;;;;;;;;;;;;;;;;;;
;;;;;;;;;;;;;;;;;;;;;;
;;;;;;;;;;;;;;;;;;;;;;
;;;;;;;;;;;;;;;;;;;;;;
;;;;;;;;;;;;;;;;;;;;;;
;;;;;;;;;;;;;;;;;;;;;;
;;;;;;;;;;;;;;;;;;;;;;
;;;;;;;;;;;;;;;;;;;;;;
;;;;;;;;;;;;;;;;;;;;;;
;;;;;;;;;;;;;;;;;;;;;;
;;;;;;;;;;;;;;;;;;;;;;
;;;;;;;;;;;;;;;;;;;;;;
;;;;;;;;;;;;;;;;;;;;;;
;;;;;;;;;;;;;;;;;;;;;;
;;;;;;;;;;;;;;;;;;;;;;
;;;;;;;;;;;;;;;;;;;;;;
;;;;;;;;;;;;;;;;;;;;;;
;;;;;;;;;;;;;;;;;;;;;;
;;;;;;;;;;;;;;;;;;;;;;
;;;;;;;;;;;;;;;;;;;;;;
;;;;;;;;;;;;;;;;;;;;;;
;;;;;;;;;;;;;;;;;;;;;;
;;;;;;;;;;;;;;;;;;;;;;
;;;;;;;;;;;;;;;;;;;;;;
;;;;;;;;;;;;;;;;;;;;;;
;;;;;;;;;;;;;;;;;;;;;;
;;;;;;;;;;;;;;;;;;;;;;
;;;;;;;;;;;;;;;;;;;;;;
;;;;;;;;;;;;;;;;;;;;;;
;;;;;;;;;;;;;;;;;;;;;;
;;;;;;;;;;;;;;;;;;;;;;
;;;;;;;;;;;;;;;;;;;;;;
;;;;;;;;;;;;;;;;;;;;;;
;;;;;;;;;;;;;;;;;;;;;;
;;;;;;;;;;;;;;;;;;;;;;
;;;;;;;;;;;;;;;;;;;;;;
;;;;;;;;;;;;;;;;;;;;;;
;;;;;;;;;;;;;;;;;;;;;;
;;;;;;;;;;;;;;;;;;;;;;
;;;;;;;;;;;;;;;;;;;;;;
;;;;;;;;;;;;;;;;;;;;;;
;;;;;;;;;;;;;;;;;;;;;;
;;;;;;;;;;;;;;;;;;;;;;
;;;;;;;;;;;;;;;;;;;;;;
;;;;;;;;;;;;;;;;;;;;;;
;;;;;;;;;;;;;;;;;;;;;;
;;;;;;;;;;;;;;;;;;;;;;
;;;;;;;;;;;;;;;;;;;;;;
;;;;;;;;;;;;;;;;;;;;;;
;;;;;;;;;;;;;;;;;;;;;;
;;;;;;;;;;;;;;;;;;;;;;
;;;;;;;;;;;;;;;;;;;;;;
;;;;;;;;;;;;;;;;;;;;;;
;;;;;;;;;;;;;;;;;;;;;;
;;;;;;;;;;;;;;;;;;;;;;
;;;;;;;;;;;;;;;;;;;;;;
;;;;;;;;;;;;;;;;;;;;;;
;;;;;;;;;;;;;;;;;;;;;;
;;;;;;;;;;;;;;;;;;;;;;
;;;;;;;;;;;;;;;;;;;;;;
;;;;;;;;;;;;;;;;;;;;;;
;;;;;;;;;;;;;;;;;;;;;;
;;;;;;;;;;;;;;;;;;;;;;
;;;;;;;;;;;;;;;;;;;;;;
;;;;;;;;;;;;;;;;;;;;;;
;;;;;;;;;;;;;;;;;;;;;;
;;;;;;;;;;;;;;;;;;;;;;
;;;;;;;;;;;;;;;;;;;;;;
;;;;;;;;;;;;;;;;;;;;;;
;;;;;;;;;;;;;;;;;;;;;;
;;;;;;;;;;;;;;;;;;;;;;
;;;;;;;;;;;;;;;;;;;;;;
;;;;;;;;;;;;;;;;;;;;;;
;;;;;;;;;;;;;;;;;;;;;;
;;;;;;;;;;;;;;;;;;;;;;
;;;;;;;;;;;;;;;;;;;;;;
;;;;;;;;;;;;;;;;;;;;;;
;;;;;;;;;;;;;;;;;;;;;;
;;;;;;;;;;;;;;;;;;;;;;
;;;;;;;;;;;;;;;;;;;;;;
;;;;;;;;;;;;;;;;;;;;;;
;;;;;;;;;;;;;;;;;;;;;;
;;;;;;;;;;;;;;;;;;;;;;
;;;;;;;;;;;;;;;;;;;;;;
;;;;;;;;;;;;;;;;;;;;;;
;;;;;;;;;;;;;;;;;;;;;;
;;;;;;;;;;;;;;;;;;;;;;
;;;;;;;;;;;;;;;;;;;;;;
;;;;;;;;;;;;;;;;;;;;;;
;;;;;;;;;;;;;;;;;;;;;;
;;;;;;;;;;;;;;;;;;;;;;
;;;;;;;;;;;;;;;;;;;;;;
;;;;;;;;;;;;;;;;;;;;;;
;;;;;;;;;;;;;;;;;;;;;;
;;;;;;;;;;;;;;;;;;;;;;
;;;;;;;;;;;;;;;;;;;;;;
;;;;;;;;;;;;;;;;;;;;;;
;;;;;;;;;;;;;;;;;;;;;;
;;;;;;;;;;;;;;;;;;;;;;
;;;;;;;;;;;;;;;;;;;;;;
;;;;;;;;;;;;;;;;;;;;;;
;;;;;;;;;;;;;;;;;;;;;;
;;;;;;;;;;;;;;;;;;;;;;
;;;;;;;;;;;;;;;;;;;;;;
;;;;;;;;;;;;;;;;;;;;;;
;;;;;;;;;;;;;;;;;;;;;;
;;;;;;;;;;;;;;;;;;;;;;
;;;;;;;;;;;;;;;;;;;;;;
;;;;;;;;;;;;;;;;;;;;;;
;;;;;;;;;;;;;;;;;;;;;;
;;;;;;;;;;;;;;;;;;;;;;
;;;;;;;;;;;;;;;;;;;;;;
;;;;;;;;;;;;;;;;;;;;;;
;;;;;;;;;;;;;;;;;;;;;;
;;;;;;;;;;;;;;;;;;;;;;
;;;;;;;;;;;;;;;;;;;;;;
;;;;;;;;;;;;;;;;;;;;;;
;;;;;;;;;;;;;;;;;;;;;;
;;;;;;;;;;;;;;;;;;;;;;
;;;;;;;;;;;;;;;;;;;;;;
;;;;;;;;;;;;;;;;;;;;;;
;;;;;;;;;;;;;;;;;;;;;;
;;;;;;;;;;;;;;;;;;;;;;
;;;;;;;;;;;;;;;;;;;;;;
;;;;;;;;;;;;;;;;;;;;;;
;;;;;;;;;;;;;;;;;;;;;;
;;;;;;;;;;;;;;;;;;;;;;
;;;;;;;;;;;;;;;;;;;;;;
;;;;;;;;;;;;;;;;;;;;;;
;;;;;;;;;;;;;;;;;;;;;;
;;;;;;;;;;;;;;;;;;;;;;
;;;;;;;;;;;;;;;;;;;;;;
;;;;;;;;;;;;;;;;;;;;;;
;;;;;;;;;;;;;;;;;;;;;;
;;;;;;;;;;;;;;;;;;;;;;
;;;;;;;;;;;;;;;;;;;;;;
;;;;;;;;;;;;;;;;;;;;;;
;;;;;;;;;;;;;;;;;;;;;;
;;;;;;;;;;;;;;;;;;;;;;
;;;;;;;;;;;;;;;;;;;;;;
;;;;;;;;;;;;;;;;;;;;;;
;;;;;;;;;;;;;;;;;;;;;;
;;;;;;;;;;;;;;;;;;;;;;
;;;;;;;;;;;;;;;;;;;;;;
;;;;;;;;;;;;;;;;;;;;;;
;;;;;;;;;;;;;;;;;;;;;;
;;;;;;;;;;;;;;;;;;;;;;
;;;;;;;;;;;;;;;;;;;;;;
;;;;;;;;;;;;;;;;;;;;;;
;;;;;;;;;;;;;;;;;;;;;;
;;;;;;;;;;;;;;;;;;;;;;
;;;;;;;;;;;;;;;;;;;;;;
;;;;;;;;;;;;;;;;;;;;;;
;;;;;;;;;;;;;;;;;;;;;;
;;;;;;;;;;;;;;;;;;;;;;
;;;;;;;;;;;;;;;;;;;;;;
;;;;;;;;;;;;;;;;;;;;;;
;;;;;;;;;;;;;;;;;;;;;;
;;;;;;;;;;;;;;;;;;;;;;
;;;;;;;;;;;;;;;;;;;;;;
;;;;;;;;;;;;;;;;;;;;;;
;;;;;;;;;;;;;;;;;;;;;;
;;;;;;;;;;;;;;;;;;;;;;
;;;;;;;;;;;;;;;;;;;;;;
;;;;;;;;;;;;;;;;;;;;;;
;;;;;;;;;;;;;;;;;;;;;;
;;;;;;;;;;;;;;;;;;;;;;
;;;;;;;;;;;;;;;;;;;;;;
;;;;;;;;;;;;;;;;;;;;;;
;;;;;;;;;;;;;;;;;;;;;;
;;;;;;;;;;;;;;;;;;;;;;
;;;;;;;;;;;;;;;;;;;;;;
;;;;;;;;;;;;;;;;;;;;;;
;;;;;;;;;;;;;;;;;;;;;;
;;;;;;;;;;;;;;;;;;;;;;
;;;;;;;;;;;;;;;;;;;;;;
;;;;;;;;;;;;;;;;;;;;;;
;;;;;;;;;;;;;;;;;;;;;;
;;;;;;;;;;;;;;;;;;;;;;
;;;;;;;;;;;;;;;;;;;;;;
;;;;;;;;;;;;;;;;;;;;;;
;;;;;;;;;;;;;;;;;;;;;;
;;;;;;;;;;;;;;;;;;;;;;
;;;;;;;;;;;;;;;;;;;;;;
;;;;;;;;;;;;;;;;;;;;;;
;;;;;;;;;;;;;;;;;;;;;;
;;;;;;;;;;;;;;;;;;;;;;
;;;;;;;;;;;;;;;;;;;;;;
;;;;;;;;;;;;;;;;;;;;;;
;;;;;;;;;;;;;;;;;;;;;;
;;;;;;;;;;;;;;;;;;;;;;
;;;;;;;;;;;;;;;;;;;;;;
;;;;;;;;;;;;;;;;;;;;;;
;;;;;;;;;;;;;;;;;;;;;;
;;;;;;;;;;;;;;;;;;;;;;
;;;;;;;;;;;;;;;;;;;;;;
;;;;;;;;;;;;;;;;;;;;;;
;;;;;;;;;;;;;;;;;;;;;;
;;;;;;;;;;;;;;;;;;;;;;
;;;;;;;;;;;;;;;;;;;;;;
;;;;;;;;;;;;;;;;;;;;;;
;;;;;;;;;;;;;;;;;;;;;;
;;;;;;;;;;;;;;;;;;;;;;
;;;;;;;;;;;;;;;;;;;;;;
;;;;;;;;;;;;;;;;;;;;;;
;;;;;;;;;;;;;;;;;;;;;;
;;;;;;;;;;;;;;;;;;;;;;
;;;;;;;;;;;;;;;;;;;;;;
;;;;;;;;;;;;;;;;;;;;;;
;;;;;;;;;;;;;;;;;;;;;;
;;;;;;;;;;;;;;;;;;;;;;
;;;;;;;;;;;;;;;;;;;;;;
;;;;;;;;;;;;;;;;;;;;;;
;;;;;;;;;;;;;;;;;;;;;;
;;;;;;;;;;;;;;;;;;;;;;
;;;;;;;;;;;;;;;;;;;;;;
;;;;;;;;;;;;;;;;;;;;;;
;;;;;;;;;;;;;;;;;;;;;;
;;;;;;;;;;;;;;;;;;;;;;
;;;;;;;;;;;;;;;;;;;;;;
;;;;;;;;;;;;;;;;;;;;;;
;;;;;;;;;;;;;;;;;;;;;;
;;;;;;;;;;;;;;;;;;;;;;
;;;;;;;;;;;;;;;;;;;;;;
;;;;;;;;;;;;;;;;;;;;;;
;;;;;;;;;;;;;;;;;;;;;;
;;;;;;;;;;;;;;;;;;;;;;
;;;;;;;;;;;;;;;;;;;;;;
;;;;;;;;;;;;;;;;;;;;;;
;;;;;;;;;;;;;;;;;;;;;;
;;;;;;;;;;;;;;;;;;;;;;
;;;;;;;;;;;;;;;;;;;;;;
;;;;;;;;;;;;;;;;;;;;;;
;;;;;;;;;;;;;;;;;;;;;;
;;;;;;;;;;;;;;;;;;;;;;
;;;;;;;;;;;;;;;;;;;;;;
;;;;;;;;;;;;;;;;;;;;;;
;;;;;;;;;;;;;;;;;;;;;;
;;;;;;;;;;;;;;;;;;;;;;
;;;;;;;;;;;;;;;;;;;;;;
;;;;;;;;;;;;;;;;;;;;;;
;;;;;;;;;;;;;;;;;;;;;;
;;;;;;;;;;;;;;;;;;;;;;
;;;;;;;;;;;;;;;;;;;;;;
;;;;;;;;;;;;;;;;;;;;;;
;;;;;;;;;;;;;;;;;;;;;;
;;;;;;;;;;;;;;;;;;;;;;
;;;;;;;;;;;;;;;;;;;;;;
;;;;;;;;;;;;;;;;;;;;;;
;;;;;;;;;;;;;;;;;;;;;;
;;;;;;;;;;;;;;;;;;;;;;
;;;;;;;;;;;;;;;;;;;;;;
;;;;;;;;;;;;;;;;;;;;;;
;;;;;;;;;;;;;;;;;;;;;;
;;;;;;;;;;;;;;;;;;;;;;
;;;;;;;;;;;;;;;;;;;;;;
;;;;;;;;;;;;;;;;;;;;;;
;;;;;;;;;;;;;;;;;;;;;;
;;;;;;;;;;;;;;;;;;;;;;
;;;;;;;;;;;;;;;;;;;;;;
;;;;;;;;;;;;;;;;;;;;;;
;;;;;;;;;;;;;;;;;;;;;;
;;;;;;;;;;;;;;;;;;;;;;
;;;;;;;;;;;;;;;;;;;;;;
;;;;;;;;;;;;;;;;;;;;;;
;;;;;;;;;;;;;;;;;;;;;;
;;;;;;;;;;;;;;;;;;;;;;
;;;;;;;;;;;;;;;;;;;;;;
;;;;;;;;;;;;;;;;;;;;;;
;;;;;;;;;;;;;;;;;;;;;;
;;;;;;;;;;;;;;;;;;;;;;
;;;;;;;;;;;;;;;;;;;;;;
;;;;;;;;;;;;;;;;;;;;;;
;;;;;;;;;;;;;;;;;;;;;;
;;;;;;;;;;;;;;;;;;;;;;
;;;;;;;;;;;;;;;;;;;;;;
;;;;;;;;;;;;;;;;;;;;;;
;;;;;;;;;;;;;;;;;;;;;;
;;;;;;;;;;;;;;;;;;;;;;
;;;;;;;;;;;;;;;;;;;;;;
;;;;;;;;;;;;;;;;;;;;;;
;;;;;;;;;;;;;;;;;;;;;;
;;;;;;;;;;;;;;;;;;;;;;
;;;;;;;;;;;;;;;;;;;;;;
;;;;;;;;;;;;;;;;;;;;;;
;;;;;;;;;;;;;;;;;;;;;;
;;;;;;;;;;;;;;;;;;;;;;
;;;;;;;;;;;;;;;;;;;;;;
;;;;;;;;;;;;;;;;;;;;;;
;;;;;;;;;;;;;;;;;;;;;;
;;;;;;;;;;;;;;;;;;;;;;
;;;;;;;;;;;;;;;;;;;;;;
;;;;;;;;;;;;;;;;;;;;;;
;;;;;;;;;;;;;;;;;;;;;;
;;;;;;;;;;;;;;;;;;;;;;
;;;;;;;;;;;;;;;;;;;;;;
;;;;;;;;;;;;;;;;;;;;;;
;;;;;;;;;;;;;;;;;;;;;;
;;;;;;;;;;;;;;;;;;;;;;
;;;;;;;;;;;;;;;;;;;;;;
;;;;;;;;;;;;;;;;;;;;;;
;;;;;;;;;;;;;;;;;;;;;;
;;;;;;;;;;;;;;;;;;;;;;
;;;;;;;;;;;;;;;;;;;;;;
;;;;;;;;;;;;;;;;;;;;;;
;;;;;;;;;;;;;;;;;;;;;;
;;;;;;;;;;;;;;;;;;;;;;
;;;;;;;;;;;;;;;;;;;;;;
;;;;;;;;;;;;;;;;;;;;;;
;;;;;;;;;;;;;;;;;;;;;;
;;;;;;;;;;;;;;;;;;;;;;
;;;;;;;;;;;;;;;;;;;;;;
;;;;;;;;;;;;;;;;;;;;;;
;;;;;;;;;;;;;;;;;;;;;;
;;;;;;;;;;;;;;;;;;;;;;
;;;;;;;;;;;;;;;;;;;;;;
;;;;;;;;;;;;;;;;;;;;;;
;;;;;;;;;;;;;;;;;;;;;;
;;;;;;;;;;;;;;;;;;;;;;
;;;;;;;;;;;;;;;;;;;;;;
;;;;;;;;;;;;;;;;;;;;;;
;;;;;;;;;;;;;;;;;;;;;;
;;;;;;;;;;;;;;;;;;;;;;
;;;;;;;;;;;;;;;;;;;;;;
;;;;;;;;;;;;;;;;;;;;;;
;;;;;;;;;;;;;;;;;;;;;;
;;;;;;;;;;;;;;;;;;;;;;
;;;;;;;;;;;;;;;;;;;;;;
;;;;;;;;;;;;;;;;;;;;;;
;;;;;;;;;;;;;;;;;;;;;;
;;;;;;;;;;;;;;;;;;;;;;
;;;;;;;;;;;;;;;;;;;;;;
;;;;;;;;;;;;;;;;;;;;;;
;;;;;;;;;;;;;;;;;;;;;;
;;;;;;;;;;;;;;;;;;;;;;
;;;;;;;;;;;;;;;;;;;;;;
;;;;;;;;;;;;;;;;;;;;;;
;;;;;;;;;;;;;;;;;;;;;;
;;;;;;;;;;;;;;;;;;;;;;
;;;;;;;;;;;;;;;;;;;;;;
;;;;;;;;;;;;;;;;;;;;;;
;;;;;;;;;;;;;;;;;;;;;;
;;;;;;;;;;;;;;;;;;;;;;
;;;;;;;;;;;;;;;;;;;;;;
;;;;;;;;;;;;;;;;;;;;;;
;;;;;;;;;;;;;;;;;;;;;;
;;;;;;;;;;;;;;;;;;;;;;
;;;;;;;;;;;;;;;;;;;;;;
;;;;;;;;;;;;;;;;;;;;;;
;;;;;;;;;;;;;;;;;;;;;;
;;;;;;;;;;;;;;;;;;;;;;
;;;;;;;;;;;;;;;;;;;;;;
;;;;;;;;;;;;;;;;;;;;;;
;;;;;;;;;;;;;;;;;;;;;;
;;;;;;;;;;;;;;;;;;;;;;
;;;;;;;;;;;;;;;;;;;;;;
;;;;;;;;;;;;;;;;;;;;;;
;;;;;;;;;;;;;;;;;;;;;;
;;;;;;;;;;;;;;;;;;;;;;
;;;;;;;;;;;;;;;;;;;;;;
;;;;;;;;;;;;;;;;;;;;;;
;;;;;;;;;;;;;;;;;;;;;;
;;;;;;;;;;;;;;;;;;;;;;
;;;;;;;;;;;;;;;;;;;;;;
;;;;;;;;;;;;;;;;;;;;;;
;;;;;;;;;;;;;;;;;;;;;;
;;;;;;;;;;;;;;;;;;;;;;
;;;;;;;;;;;;;;;;;;;;;;
;;;;;;;;;;;;;;;;;;;;;;
;;;;;;;;;;;;;;;;;;;;;;
;;;;;;;;;;;;;;;;;;;;;;
;;;;;;;;;;;;;;;;;;;;;;
;;;;;;;;;;;;;;;;;;;;;;
;;;;;;;;;;;;;;;;;;;;;;
;;;;;;;;;;;;;;;;;;;;;;
;;;;;;;;;;;;;;;;;;;;;;
;;;;;;;;;;;;;;;;;;;;;;
;;;;;;;;;;;;;;;;;;;;;;
;;;;;;;;;;;;;;;;;;;;;;
;;;;;;;;;;;;;;;;;;;;;;
;;;;;;;;;;;;;;;;;;;;;;
;;;;;;;;;;;;;;;;;;;;;;
;;;;;;;;;;;;;;;;;;;;;;
;;;;;;;;;;;;;;;;;;;;;;
;;;;;;;;;;;;;;;;;;;;;;
;;;;;;;;;;;;;;;;;;;;;;
;;;;;;;;;;;;;;;;;;;;;;
;;;;;;;;;;;;;;;;;;;;;;
;;;;;;;;;;;;;;;;;;;;;;
;;;;;;;;;;;;;;;;;;;;;;
;;;;;;;;;;;;;;;;;;;;;;
;;;;;;;;;;;;;;;;;;;;;;
;;;;;;;;;;;;;;;;;;;;;;
;;;;;;;;;;;;;;;;;;;;;;
;;;;;;;;;;;;;;;;;;;;;;
;;;;;;;;;;;;;;;;;;;;;;
;;;;;;;;;;;;;;;;;;;;;;
;;;;;;;;;;;;;;;;;;;;;;
;;;;;;;;;;;;;;;;;;;;;;
;;;;;;;;;;;;;;;;;;;;;;
;;;;;;;;;;;;;;;;;;;;;;
;;;;;;;;;;;;;;;;;;;;;;
;;;;;;;;;;;;;;;;;;;;;;
;;;;;;;;;;;;;;;;;;;;;;
;;;;;;;;;;;;;;;;;;;;;;
;;;;;;;;;;;;;;;;;;;;;;
;;;;;;;;;;;;;;;;;;;;;;
;;;;;;;;;;;;;;;;;;;;;;
;;;;;;;;;;;;;;;;;;;;;;
;;;;;;;;;;;;;;;;;;;;;;
;;;;;;;;;;;;;;;;;;;;;;
;;;;;;;;;;;;;;;;;;;;;;
;;;;;;;;;;;;;;;;;;;;;;
;;;;;;;;;;;;;;;;;;;;;;
;;;;;;;;;;;;;;;;;;;;;;
;;;;;;;;;;;;;;;;;;;;;;
;;;;;;;;;;;;;;;;;;;;;;
;;;;;;;;;;;;;;;;;;;;;;
;;;;;;;;;;;;;;;;;;;;;;
;;;;;;;;;;;;;;;;;;;;;;
;;;;;;;;;;;;;;;;;;;;;;
;;;;;;;;;;;;;;;;;;;;;;
;;;;;;;;;;;;;;;;;;;;;;
;;;;;;;;;;;;;;;;;;;;;;
;;;;;;;;;;;;;;;;;;;;;;
;;;;;;;;;;;;;;;;;;;;;;
;;;;;;;;;;;;;;;;;;;;;;
;;;;;;;;;;;;;;;;;;;;;;
;;;;;;;;;;;;;;;;;;;;;;
;;;;;;;;;;;;;;;;;;;;;;
;;;;;;;;;;;;;;;;;;;;;;
;;;;;;;;;;;;;;;;;;;;;;
;;;;;;;;;;;;;;;;;;;;;;
;;;;;;;;;;;;;;;;;;;;;;
;;;;;;;;;;;;;;;;;;;;;;
;;;;;;;;;;;;;;;;;;;;;;
;;;;;;;;;;;;;;;;;;;;;;
;;;;;;;;;;;;;;;;;;;;;;
;;;;;;;;;;;;;;;;;;;;;;
;;;;;;;;;;;;;;;;;;;;;;
;;;;;;;;;;;;;;;;;;;;;;
;;;;;;;;;;;;;;;;;;;;;;
;;;;;;;;;;;;;;;;;;;;;;
;;;;;;;;;;;;;;;;;;;;;;
;;;;;;;;;;;;;;;;;;;;;;
;;;;;;;;;;;;;;;;;;;;;;
;;;;;;;;;;;;;;;;;;;;;;
;;;;;;;;;;;;;;;;;;;;;;
;;;;;;;;;;;;;;;;;;;;;;
;;;;;;;;;;;;;;;;;;;;;;
;;;;;;;;;;;;;;;;;;;;;;
;;;;;;;;;;;;;;;;;;;;;;
;;;;;;;;;;;;;;;;;;;;;;
;;;;;;;;;;;;;;;;;;;;;;
;;;;;;;;;;;;;;;;;;;;;;
;;;;;;;;;;;;;;;;;;;;;;
;;;;;;;;;;;;;;;;;;;;;;
;;;;;;;;;;;;;;;;;;;;;;
;;;;;;;;;;;;;;;;;;;;;;
;;;;;;;;;;;;;;;;;;;;;;
;;;;;;;;;;;;;;;;;;;;;;
;;;;;;;;;;;;;;;;;;;;;;
;;;;;;;;;;;;;;;;;;;;;;
;;;;;;;;;;;;;;;;;;;;;;
;;;;;;;;;;;;;;;;;;;;;;
;;;;;;;;;;;;;;;;;;;;;;
;;;;;;;;;;;;;;;;;;;;;;
;;;;;;;;;;;;;;;;;;;;;;
;;;;;;;;;;;;;;;;;;;;;;
;;;;;;;;;;;;;;;;;;;;;;
;;;;;;;;;;;;;;;;;;;;;;
;;;;;;;;;;;;;;;;;;;;;;
;;;;;;;;;;;;;;;;;;;;;;
;;;;;;;;;;;;;;;;;;;;;;
;;;;;;;;;;;;;;;;;;;;;;
;;;;;;;;;;;;;;;;;;;;;;
;;;;;;;;;;;;;;;;;;;;;;
;;;;;;;;;;;;;;;;;;;;;;
;;;;;;;;;;;;;;;;;;;;;;
;;;;;;;;;;;;;;;;;;;;;;
;;;;;;;;;;;;;;;;;;;;;;
;;;;;;;;;;;;;;;;;;;;;;
;;;;;;;;;;;;;;;;;;;;;;
;;;;;;;;;;;;;;;;;;;;;;
;;;;;;;;;;;;;;;;;;;;;;
;;;;;;;;;;;;;;;;;;;;;;
;;;;;;;;;;;;;;;;;;;;;;
;;;;;;;;;;;;;;;;;;;;;;
;;;;;;;;;;;;;;;;;;;;;;
;;;;;;;;;;;;;;;;;;;;;;
;;;;;;;;;;;;;;;;;;;;;;
;;;;;;;;;;;;;;;;;;;;;;
;;;;;;;;;;;;;;;;;;;;;;
;;;;;;;;;;;;;;;;;;;;;;
;;;;;;;;;;;;;;;;;;;;;;
;;;;;;;;;;;;;;;;;;;;;;
;;;;;;;;;;;;;;;;;;;;;;
;;;;;;;;;;;;;;;;;;;;;;
;;;;;;;;;;;;;;;;;;;;;;
;;;;;;;;;;;;;;;;;;;;;;
;;;;;;;;;;;;;;;;;;;;;;
;;;;;;;;;;;;;;;;;;;;;;
;;;;;;;;;;;;;;;;;;;;;;
;;;;;;;;;;;;;;;;;;;;;;
;;;;;;;;;;;;;;;;;;;;;;
;;;;;;;;;;;;;;;;;;;;;;
;;;;;;;;;;;;;;;;;;;;;;
;;;;;;;;;;;;;;;;;;;;;;
;;;;;;;;;;;;;;;;;;;;;;
;;;;;;;;;;;;;;;;;;;;;;
;;;;;;;;;;;;;;;;;;;;;;
;;;;;;;;;;;;;;;;;;;;;;
;;;;;;;;;;;;;;;;;;;;;;
;;;;;;;;;;;;;;;;;;;;;;
;;;;;;;;;;;;;;;;;;;;;;
;;;;;;;;;;;;;;;;;;;;;;
;;;;;;;;;;;;;;;;;;;;;;
;;;;;;;;;;;;;;;;;;;;;;
;;;;;;;;;;;;;;;;;;;;;;
;;;;;;;;;;;;;;;;;;;;;;
;;;;;;;;;;;;;;;;;;;;;;
;;;;;;;;;;;;;;;;;;;;;;
;;;;;;;;;;;;;;;;;;;;;;
;;;;;;;;;;;;;;;;;;;;;;
;;;;;;;;;;;;;;;;;;;;;;
;;;;;;;;;;;;;;;;;;;;;;
;;;;;;;;;;;;;;;;;;;;;;
;;;;;;;;;;;;;;;;;;;;;;
;;;;;;;;;;;;;;;;;;;;;;
;;;;;;;;;;;;;;;;;;;;;;
;;;;;;;;;;;;;;;;;;;;;;
;;;;;;;;;;;;;;;;;;;;;;
;;;;;;;;;;;;;;;;;;;;;;
;;;;;;;;;;;;;;;;;;;;;;
;;;;;;;;;;;;;;;;;;;;;;
;;;;;;;;;;;;;;;;;;;;;;
;;;;;;;;;;;;;;;;;;;;;;
;;;;;;;;;;;;;;;;;;;;;;
;;;;;;;;;;;;;;;;;;;;;;
;;;;;;;;;;;;;;;;;;;;;;
;;;;;;;;;;;;;;;;;;;;;;
;;;;;;;;;;;;;;;;;;;;;;
;;;;;;;;;;;;;;;;;;;;;;
;;;;;;;;;;;;;;;;;;;;;;
;;;;;;;;;;;;;;;;;;;;;;
;;;;;;;;;;;;;;;;;;;;;;
;;;;;;;;;;;;;;;;;;;;;;
;;;;;;;;;;;;;;;;;;;;;;
;;;;;;;;;;;;;;;;;;;;;;
;;;;;;;;;;;;;;;;;;;;;;
;;;;;;;;;;;;;;;;;;;;;;
;;;;;;;;;;;;;;;;;;;;;;
;;;;;;;;;;;;;;;;;;;;;;
;;;;;;;;;;;;;;;;;;;;;;
;;;;;;;;;;;;;;;;;;;;;;
;;;;;;;;;;;;;;;;;;;;;;
;;;;;;;;;;;;;;;;;;;;;;
;;;;;;;;;;;;;;;;;;;;;;
;;;;;;;;;;;;;;;;;;;;;;
;;;;;;;;;;;;;;;;;;;;;;
;;;;;;;;;;;;;;;;;;;;;;
;;;;;;;;;;;;;;;;;;;;;;
;;;;;;;;;;;;;;;;;;;;;;
;;;;;;;;;;;;;;;;;;;;;;
;;;;;;;;;;;;;;;;;;;;;;
;;;;;;;;;;;;;;;;;;;;;;
;;;;;;;;;;;;;;;;;;;;;;
;;;;;;;;;;;;;;;;;;;;;;
;;;;;;;;;;;;;;;;;;;;;;
;;;;;;;;;;;;;;;;;;;;;;
;;;;;;;;;;;;;;;;;;;;;;
;;;;;;;;;;;;;;;;;;;;;;
;;;;;;;;;;;;;;;;;;;;;;
;;;;;;;;;;;;;;;;;;;;;;
;;;;;;;;;;;;;;;;;;;;;;
;;;;;;;;;;;;;;;;;;;;;;
;;;;;;;;;;;;;;;;;;;;;;
;;;;;;;;;;;;;;;;;;;;;;
;;;;;;;;;;;;;;;;;;;;;;
;;;;;;;;;;;;;;;;;;;;;;
;;;;;;;;;;;;;;;;;;;;;;
;;;;;;;;;;;;;;;;;;;;;;
;;;;;;;;;;;;;;;;;;;;;;
;;;;;;;;;;;;;;;;;;;;;;
;;;;;;;;;;;;;;;;;;;;;;
;;;;;;;;;;;;;;;;;;;;;;
;;;;;;;;;;;;;;;;;;;;;;
;;;;;;;;;;;;;;;;;;;;;;
;;;;;;;;;;;;;;;;;;;;;;
;;;;;;;;;;;;;;;;;;;;;;
;;;;;;;;;;;;;;;;;;;;;;
;;;;;;;;;;;;;;;;;;;;;;
;;;;;;;;;;;;;;;;;;;;;;
;;;;;;;;;;;;;;;;;;;;;;
;;;;;;;;;;;;;;;;;;;;;;
;;;;;;;;;;;;;;;;;;;;;;
;;;;;;;;;;;;;;;;;;;;;;
;;;;;;;;;;;;;;;;;;;;;;
;;;;;;;;;;;;;;;;;;;;;;
;;;;;;;;;;;;;;;;;;;;;;
;;;;;;;;;;;;;;;;;;;;;;
;;;;;;;;;;;;;;;;;;;;;;
;;;;;;;;;;;;;;;;;;;;;;
;;;;;;;;;;;;;;;;;;;;;;
;;;;;;;;;;;;;;;;;;;;;;
;;;;;;;;;;;;;;;;;;;;;;
;;;;;;;;;;;;;;;;;;;;;;
;;;;;;;;;;;;;;;;;;;;;;
;;;;;;;;;;;;;;;;;;;;;;
;;;;;;;;;;;;;;;;;;;;;;
;;;;;;;;;;;;;;;;;;;;;;
;;;;;;;;;;;;;;;;;;;;;;
;;;;;;;;;;;;;;;;;;;;;;
;;;;;;;;;;;;;;;;;;;;;;
;;;;;;;;;;;;;;;;;;;;;;
;;;;;;;;;;;;;;;;;;;;;;
;;;;;;;;;;;;;;;;;;;;;;
;;;;;;;;;;;;;;;;;;;;;;
;;;;;;;;;;;;;;;;;;;;;;
;;;;;;;;;;;;;;;;;;;;;;
;;;;;;;;;;;;;;;;;;;;;;
;;;;;;;;;;;;;;;;;;;;;;
;;;;;;;;;;;;;;;;;;;;;;
;;;;;;;;;;;;;;;;;;;;;;
;;;;;;;;;;;;;;;;;;;;;;
;;;;;;;;;;;;;;;;;;;;;;
;;;;;;;;;;;;;;;;;;;;;;
;;;;;;;;;;;;;;;;;;;;;;
;;;;;;;;;;;;;;;;;;;;;;
;;;;;;;;;;;;;;;;;;;;;;
;;;;;;;;;;;;;;;;;;;;;;
;;;;;;;;;;;;;;;;;;;;;;
;;;;;;;;;;;;;;;;;;;;;;
;;;;;;;;;;;;;;;;;;;;;;
;;;;;;;;;;;;;;;;;;;;;;
;;;;;;;;;;;;;;;;;;;;;;
;;;;;;;;;;;;;;;;;;;;;;
;;;;;;;;;;;;;;;;;;;;;;
;;;;;;;;;;;;;;;;;;;;;;
;;;;;;;;;;;;;;;;;;;;;;
;;;;;;;;;;;;;;;;;;;;;;
;;;;;;;;;;;;;;;;;;;;;;
;;;;;;;;;;;;;;;;;;;;;;
;;;;;;;;;;;;;;;;;;;;;;
;;;;;;;;;;;;;;;;;;;;;;
;;;;;;;;;;;;;;;;;;;;;;
;;;;;;;;;;;;;;;;;;;;;;
;;;;;;;;;;;;;;;;;;;;;;
;;;;;;;;;;;;;;;;;;;;;;
;;;;;;;;;;;;;;;;;;;;;;
;;;;;;;;;;;;;;;;;;;;;;
;;;;;;;;;;;;;;;;;;;;;;
;;;;;;;;;;;;;;;;;;;;;;
;;;;;;;;;;;;;;;;;;;;;;
;;;;;;;;;;;;;;;;;;;;;;
;;;;;;;;;;;;;;;;;;;;;;
;;;;;;;;;;;;;;;;;;;;;;
;;;;;;;;;;;;;;;;;;;;;;
;;;;;;;;;;;;;;;;;;;;;;
;;;;;;;;;;;;;;;;;;;;;;
;;;;;;;;;;;;;;;;;;;;;;
;;;;;;;;;;;;;;;;;;;;;;
;;;;;;;;;;;;;;;;;;;;;;
;;;;;;;;;;;;;;;;;;;;;;
;;;;;;;;;;;;;;;;;;;;;;
;;;;;;;;;;;;;;;;;;;;;;
;;;;;;;;;;;;;;;;;;;;;;
;;;;;;;;;;;;;;;;;;;;;;
;;;;;;;;;;;;;;;;;;;;;;
;;;;;;;;;;;;;;;;;;;;;;
;;;;;;;;;;;;;;;;;;;;;;
;;;;;;;;;;;;;;;;;;;;;;
;;;;;;;;;;;;;;;;;;;;;;
;;;;;;;;;;;;;;;;;;;;;;
;;;;;;;;;;;;;;;;;;;;;;
;;;;;;;;;;;;;;;;;;;;;;
;;;;;;;;;;;;;;;;;;;;;;
;;;;;;;;;;;;;;;;;;;;;;
;;;;;;;;;;;;;;;;;;;;;;
;;;;;;;;;;;;;;;;;;;;;;
;;;;;;;;;;;;;;;;;;;;;;
;;;;;;;;;;;;;;;;;;;;;;
;;;;;;;;;;;;;;;;;;;;;;
;;;;;;;;;;;;;;;;;;;;;;
;;;;;;;;;;;;;;;;;;;;;;
;;;;;;;;;;;;;;;;;;;;;;
;;;;;;;;;;;;;;;;;;;;;;
;;;;;;;;;;;;;;;;;;;;;;
;;;;;;;;;;;;;;;;;;;;;;
;;;;;;;;;;;;;;;;;;;;;;
;;;;;;;;;;;;;;;;;;;;;;
;;;;;;;;;;;;;;;;;;;;;;
;;;;;;;;;;;;;;;;;;;;;;
;;;;;;;;;;;;;;;;;;;;;;
;;;;;;;;;;;;;;;;;;;;;;
;;;;;;;;;;;;;;;;;;;;;;
;;;;;;;;;;;;;;;;;;;;;;
;;;;;;;;;;;;;;;;;;;;;;
;;;;;;;;;;;;;;;;;;;;;;
;;;;;;;;;;;;;;;;;;;;;;
;;;;;;;;;;;;;;;;;;;;;;
;;;;;;;;;;;;;;;;;;;;;;
;;;;;;;;;;;;;;;;;;;;;;
;;;;;;;;;;;;;;;;;;;;;;
;;;;;;;;;;;;;;;;;;;;;;
;;;;;;;;;;;;;;;;;;;;;;
;;;;;;;;;;;;;;;;;;;;;;
;;;;;;;;;;;;;;;;;;;;;;
;;;;;;;;;;;;;;;;;;;;;;
;;;;;;;;;;;;;;;;;;;;;;
;;;;;;;;;;;;;;;;;;;;;;
;;;;;;;;;;;;;;;;;;;;;;
;;;;;;;;;;;;;;;;;;;;;;
;;;;;;;;;;;;;;;;;;;;;;
;;;;;;;;;;;;;;;;;;;;;;
;;;;;;;;;;;;;;;;;;;;;;
;;;;;;;;;;;;;;;;;;;;;;
;;;;;;;;;;;;;;;;;;;;;;
;;;;;;;;;;;;;;;;;;;;;;
;;;;;;;;;;;;;;;;;;;;;;
;;;;;;;;;;;;;;;;;;;;;;
;;;;;;;;;;;;;;;;;;;;;;
;;;;;;;;;;;;;;;;;;;;;;
;;;;;;;;;;;;;;;;;;;;;;
;;;;;;;;;;;;;;;;;;;;;;
;;;;;;;;;;;;;;;;;;;;;;
;;;;;;;;;;;;;;;;;;;;;;
;;;;;;;;;;;;;;;;;;;;;;
;;;;;;;;;;;;;;;;;;;;;;
;;;;;;;;;;;;;;;;;;;;;;
;;;;;;;;;;;;;;;;;;;;;;
;;;;;;;;;;;;;;;;;;;;;;
;;;;;;;;;;;;;;;;;;;;;;
;;;;;;;;;;;;;;;;;;;;;;
;;;;;;;;;;;;;;;;;;;;;;
;;;;;;;;;;;;;;;;;;;;;;
;;;;;;;;;;;;;;;;;;;;;;
;;;;;;;;;;;;;;;;;;;;;;
;;;;;;;;;;;;;;;;;;;;;;
;;;;;;;;;;;;;;;;;;;;;;
;;;;;;;;;;;;;;;;;;;;;;
;;;;;;;;;;;;;;;;;;;;;;
;;;;;;;;;;;;;;;;;;;;;;
;;;;;;;;;;;;;;;;;;;;;;
;;;;;;;;;;;;;;;;;;;;;;
;;;;;;;;;;;;;;;;;;;;;;
;;;;;;;;;;;;;;;;;;;;;;
;;;;;;;;;;;;;;;;;;;;;;
;;;;;;;;;;;;;;;;;;;;;;
;;;;;;;;;;;;;;;;;;;;;;
;;;;;;;;;;;;;;;;;;;;;;
;;;;;;;;;;;;;;;;;;;;;;
;;;;;;;;;;;;;;;;;;;;;;
;;;;;;;;;;;;;;;;;;;;;;
;;;;;;;;;;;;;;;;;;;;;;
;;;;;;;;;;;;;;;;;;;;;;
;;;;;;;;;;;;;;;;;;;;;;
;;;;;;;;;;;;;;;;;;;;;;
;;;;;;;;;;;;;;;;;;;;;;
;;;;;;;;;;;;;;;;;;;;;;
;;;;;;;;;;;;;;;;;;;;;;
;;;;;;;;;;;;;;;;;;;;;;
;;;;;;;;;;;;;;;;;;;;;;
;;;;;;;;;;;;;;;;;;;;;;
;;;;;;;;;;;;;;;;;;;;;;
;;;;;;;;;;;;;;;;;;;;;;
;;;;;;;;;;;;;;;;;;;;;;
;;;;;;;;;;;;;;;;;;;;;;
;;;;;;;;;;;;;;;;;;;;;;
;;;;;;;;;;;;;;;;;;;;;;
;;;;;;;;;;;;;;;;;;;;;;
;;;;;;;;;;;;;;;;;;;;;;
;;;;;;;;;;;;;;;;;;;;;;
;;;;;;;;;;;;;;;;;;;;;;
;;;;;;;;;;;;;;;;;;;;;;
;;;;;;;;;;;;;;;;;;;;;;
;;;;;;;;;;;;;;;;;;;;;;
;;;;;;;;;;;;;;;;;;;;;;
;;;;;;;;;;;;;;;;;;;;;;
;;;;;;;;;;;;;;;;;;;;;;
;;;;;;;;;;;;;;;;;;;;;;
;;;;;;;;;;;;;;;;;;;;;;
;;;;;;;;;;;;;;;;;;;;;;
;;;;;;;;;;;;;;;;;;;;;;
;;;;;;;;;;;;;;;;;;;;;;
;;;;;;;;;;;;;;;;;;;;;;
;;;;;;;;;;;;;;;;;;;;;;
;;;;;;;;;;;;;;;;;;;;;;
;;;;;;;;;;;;;;;;;;;;;;
;;;;;;;;;;;;;;;;;;;;;;
;;;;;;;;;;;;;;;;;;;;;;
;;;;;;;;;;;;;;;;;;;;;;
;;;;;;;;;;;;;;;;;;;;;;
;;;;;;;;;;;;;;;;;;;;;;
;;;;;;;;;;;;;;;;;;;;;;
;;;;;;;;;;;;;;;;;;;;;;
;;;;;;;;;;;;;;;;;;;;;;
;;;;;;;;;;;;;;;;;;;;;;
;;;;;;;;;;;;;;;;;;;;;;
;;;;;;;;;;;;;;;;;;;;;;
;;;;;;;;;;;;;;;;;;;;;;
;;;;;;;;;;;;;;;;;;;;;;
;;;;;;;;;;;;;;;;;;;;;;
;;;;;;;;;;;;;;;;;;;;;;
;;;;;;;;;;;;;;;;;;;;;;
;;;;;;;;;;;;;;;;;;;;;;
;;;;;;;;;;;;;;;;;;;;;;
;;;;;;;;;;;;;;;;;;;;;;
;;;;;;;;;;;;;;;;;;;;;;
;;;;;;;;;;;;;;;;;;;;;;
;;;;;;;;;;;;;;;;;;;;;;
;;;;;;;;;;;;;;;;;;;;;;
;;;;;;;;;;;;;;;;;;;;;;
;;;;;;;;;;;;;;;;;;;;;;
;;;;;;;;;;;;;;;;;;;;;;
;;;;;;;;;;;;;;;;;;;;;;
;;;;;;;;;;;;;;;;;;;;;;
;;;;;;;;;;;;;;;;;;;;;;
;;;;;;;;;;;;;;;;;;;;;;
;;;;;;;;;;;;;;;;;;;;;;
;;;;;;;;;;;;;;;;;;;;;;
;;;;;;;;;;;;;;;;;;;;;;
;;;;;;;;;;;;;;;;;;;;;;
;;;;;;;;;;;;;;;;;;;;;;
;;;;;;;;;;;;;;;;;;;;;;
;;;;;;;;;;;;;;;;;;;;;;
;;;;;;;;;;;;;;;;;;;;;;
;;;;;;;;;;;;;;;;;;;;;;
;;;;;;;;;;;;;;;;;;;;;;
;;;;;;;;;;;;;;;;;;;;;;
;;;;;;;;;;;;;;;;;;;;;;
;;;;;;;;;;;;;;;;;;;;;;
;;;;;;;;;;;;;;;;;;;;;;
;;;;;;;;;;;;;;;;;;;;;;
;;;;;;;;;;;;;;;;;;;;;;
;;;;;;;;;;;;;;;;;;;;;;
;;;;;;;;;;;;;;;;;;;;;;
;;;;;;;;;;;;;;;;;;;;;;
;;;;;;;;;;;;;;;;;;;;;;
;;;;;;;;;;;;;;;;;;;;;;
;;;;;;;;;;;;;;;;;;;;;;
;;;;;;;;;;;;;;;;;;;;;;
;;;;;;;;;;;;;;;;;;;;;;
;;;;;;;;;;;;;;;;;;;;;;
;;;;;;;;;;;;;;;;;;;;;;
;;;;;;;;;;;;;;;;;;;;;;
;;;;;;;;;;;;;;;;;;;;;;
;;;;;;;;;;;;;;;;;;;;;;
;;;;;;;;;;;;;;;;;;;;;;
;;;;;;;;;;;;;;;;;;;;;;
;;;;;;;;;;;;;;;;;;;;;;
;;;;;;;;;;;;;;;;;;;;;;
;;;;;;;;;;;;;;;;;;;;;;
;;;;;;;;;;;;;;;;;;;;;;
;;;;;;;;;;;;;;;;;;;;;;
;;;;;;;;;;;;;;;;;;;;;;
;;;;;;;;;;;;;;;;;;;;;;
;;;;;;;;;;;;;;;;;;;;;;
;;;;;;;;;;;;;;;;;;;;;;
;;;;;;;;;;;;;;;;;;;;;;
;;;;;;;;;;;;;;;;;;;;;;
;;;;;;;;;;;;;;;;;;;;;;
;;;;;;;;;;;;;;;;;;;;;;
;;;;;;;;;;;;;;;;;;;;;;
;;;;;;;;;;;;;;;;;;;;;;
;;;;;;;;;;;;;;;;;;;;;;
;;;;;;;;;;;;;;;;;;;;;;
;;;;;;;;;;;;;;;;;;;;;;
;;;;;;;;;;;;;;;;;;;;;;
;;;;;;;;;;;;;;;;;;;;;;
;;;;;;;;;;;;;;;;;;;;;;
;;;;;;;;;;;;;;;;;;;;;;
;;;;;;;;;;;;;;;;;;;;;;
;;;;;;;;;;;;;;;;;;;;;;
;;;;;;;;;;;;;;;;;;;;;;
;;;;;;;;;;;;;;;;;;;;;;
;;;;;;;;;;;;;;;;;;;;;;
;;;;;;;;;;;;;;;;;;;;;;
;;;;;;;;;;;;;;;;;;;;;;
;;;;;;;;;;;;;;;;;;;;;;
;;;;;;;;;;;;;;;;;;;;;;
;;;;;;;;;;;;;;;;;;;;;;
;;;;;;;;;;;;;;;;;;;;;;
;;;;;;;;;;;;;;;;;;;;;;
;;;;;;;;;;;;;;;;;;;;;;
;;;;;;;;;;;;;;;;;;;;;;
;;;;;;;;;;;;;;;;;;;;;;
;;;;;;;;;;;;;;;;;;;;;;
;;;;;;;;;;;;;;;;;;;;;;
;;;;;;;;;;;;;;;;;;;;;;
;;;;;;;;;;;;;;;;;;;;;;
;;;;;;;;;;;;;;;;;;;;;;
;;;;;;;;;;;;;;;;;;;;;;
;;;;;;;;;;;;;;;;;;;;;;
;;;;;;;;;;;;;;;;;;;;;;
;;;;;;;;;;;;;;;;;;;;;;
;;;;;;;;;;;;;;;;;;;;;;
;;;;;;;;;;;;;;;;;;;;;;
;;;;;;;;;;;;;;;;;;;;;;
;;;;;;;;;;;;;;;;;;;;;;
;;;;;;;;;;;;;;;;;;;;;;
;;;;;;;;;;;;;;;;;;;;;;
;;;;;;;;;;;;;;;;;;;;;;
;;;;;;;;;;;;;;;;;;;;;;
;;;;;;;;;;;;;;;;;;;;;;
;;;;;;;;;;;;;;;;;;;;;;
;;;;;;;;;;;;;;;;;;;;;;
;;;;;;;;;;;;;;;;;;;;;;
;;;;;;;;;;;;;;;;;;;;;;
;;;;;;;;;;;;;;;;;;;;;;
;;;;;;;;;;;;;;;;;;;;;;
;;;;;;;;;;;;;;;;;;;;;;
;;;;;;;;;;;;;;;;;;;;;;
;;;;;;;;;;;;;;;;;;;;;;
;;;;;;;;;;;;;;;;;;;;;;
;;;;;;;;;;;;;;;;;;;;;;
;;;;;;;;;;;;;;;;;;;;;;
;;;;;;;;;;;;;;;;;;;;;;
;;;;;;;;;;;;;;;;;;;;;;
;;;;;;;;;;;;;;;;;;;;;;
;;;;;;;;;;;;;;;;;;;;;;
;;;;;;;;;;;;;;;;;;;;;;
;;;;;;;;;;;;;;;;;;;;;;
;;;;;;;;;;;;;;;;;;;;;;
;;;;;;;;;;;;;;;;;;;;;;
;;;;;;;;;;;;;;;;;;;;;;
;;;;;;;;;;;;;;;;;;;;;;
;;;;;;;;;;;;;;;;;;;;;;
;;;;;;;;;;;;;;;;;;;;;;
;;;;;;;;;;;;;;;;;;;;;;
;;;;;;;;;;;;;;;;;;;;;;
;;;;;;;;;;;;;;;;;;;;;;
;;;;;;;;;;;;;;;;;;;;;;
;;;;;;;;;;;;;;;;;;;;;;
;;;;;;;;;;;;;;;;;;;;;;
;;;;;;;;;;;;;;;;;;;;;;
;;;;;;;;;;;;;;;;;;;;;;
;;;;;;;;;;;;;;;;;;;;;;
;;;;;;;;;;;;;;;;;;;;;;
;;;;;;;;;;;;;;;;;;;;;;
;;;;;;;;;;;;;;;;;;;;;;
;;;;;;;;;;;;;;;;;;;;;;
;;;;;;;;;;;;;;;;;;;;;;
;;;;;;;;;;;;;;;;;;;;;;
;;;;;;;;;;;;;;;;;;;;;;
;;;;;;;;;;;;;;;;;;;;;;
;;;;;;;;;;;;;;;;;;;;;;
;;;;;;;;;;;;;;;;;;;;;;
;;;;;;;;;;;;;;;;;;;;;;
;;;;;;;;;;;;;;;;;;;;;;
;;;;;;;;;;;;;;;;;;;;;;
;;;;;;;;;;;;;;;;;;;;;;
;;;;;;;;;;;;;;;;;;;;;;
;;;;;;;;;;;;;;;;;;;;;;
;;;;;;;;;;;;;;;;;;;;;;
;;;;;;;;;;;;;;;;;;;;;;
;;;;;;;;;;;;;;;;;;;;;;
;;;;;;;;;;;;;;;;;;;;;;
;;;;;;;;;;;;;;;;;;;;;;
;;;;;;;;;;;;;;;;;;;;;;
;;;;;;;;;;;;;;;;;;;;;;
;;;;;;;;;;;;;;;;;;;;;;
;;;;;;;;;;;;;;;;;;;;;;
;;;;;;;;;;;;;;;;;;;;;;
;;;;;;;;;;;;;;;;;;;;;;
;;;;;;;;;;;;;;;;;;;;;;
;;;;;;;;;;;;;;;;;;;;;;
;;;;;;;;;;;;;;;;;;;;;;
;;;;;;;;;;;;;;;;;;;;;;
;;;;;;;;;;;;;;;;;;;;;;
;;;;;;;;;;;;;;;;;;;;;;
;;;;;;;;;;;;;;;;;;;;;;
;;;;;;;;;;;;;;;;;;;;;;
;;;;;;;;;;;;;;;;;;;;;;
;;;;;;;;;;;;;;;;;;;;;;
;;;;;;;;;;;;;;;;;;;;;;
;;;;;;;;;;;;;;;;;;;;;;
;;;;;;;;;;;;;;;;;;;;;;
;;;;;;;;;;;;;;;;;;;;;;
;;;;;;;;;;;;;;;;;;;;;;
;;;;;;;;;;;;;;;;;;;;;;
;;;;;;;;;;;;;;;;;;;;;;
;;;;;;;;;;;;;;;;;;;;;;
;;;;;;;;;;;;;;;;;;;;;;
;;;;;;;;;;;;;;;;;;;;;;
;;;;;;;;;;;;;;;;;;;;;;
;;;;;;;;;;;;;;;;;;;;;;
;;;;;;;;;;;;;;;;;;;;;;
;;;;;;;;;;;;;;;;;;;;;;
;;;;;;;;;;;;;;;;;;;;;;
;;;;;;;;;;;;;;;;;;;;;;
;;;;;;;;;;;;;;;;;;;;;;
;;;;;;;;;;;;;;;;;;;;;;
;;;;;;;;;;;;;;;;;;;;;;
;;;;;;;;;;;;;;;;;;;;;;
;;;;;;;;;;;;;;;;;;;;;;
;;;;;;;;;;;;;;;;;;;;;;
;;;;;;;;;;;;;;;;;;;;;;
;;;;;;;;;;;;;;;;;;;;;;
;;;;;;;;;;;;;;;;;;;;;;
;;;;;;;;;;;;;;;;;;;;;;
;;;;;;;;;;;;;;;;;;;;;;
;;;;;;;;;;;;;;;;;;;;;;
;;;;;;;;;;;;;;;;;;;;;;
;;;;;;;;;;;;;;;;;;;;;;
;;;;;;;;;;;;;;;;;;;;;;
;;;;;;;;;;;;;;;;;;;;;;
;;;;;;;;;;;;;;;;;;;;;;
;;;;;;;;;;;;;;;;;;;;;;
;;;;;;;;;;;;;;;;;;;;;;
;;;;;;;;;;;;;;;;;;;;;;
;;;;;;;;;;;;;;;;;;;;;;
;;;;;;;;;;;;;;;;;;;;;;
;;;;;;;;;;;;;;;;;;;;;;
;;;;;;;;;;;;;;;;;;;;;;
;;;;;;;;;;;;;;;;;;;;;;
;;;;;;;;;;;;;;;;;;;;;;
;;;;;;;;;;;;;;;;;;;;;;
;;;;;;;;;;;;;;;;;;;;;;
;;;;;;;;;;;;;;;;;;;;;;
;;;;;;;;;;;;;;;;;;;;;;
;;;;;;;;;;;;;;;;;;;;;;
;;;;;;;;;;;;;;;;;;;;;;
;;;;;;;;;;;;;;;;;;;;;;
;;;;;;;;;;;;;;;;;;;;;;
;;;;;;;;;;;;;;;;;;;;;;
;;;;;;;;;;;;;;;;;;;;;;
;;;;;;;;;;;;;;;;;;;;;;
;;;;;;;;;;;;;;;;;;;;;;
;;;;;;;;;;;;;;;;;;;;;;
;;;;;;;;;;;;;;;;;;;;;;
;;;;;;;;;;;;;;;;;;;;;;
;;;;;;;;;;;;;;;;;;;;;;
;;;;;;;;;;;;;;;;;;;;;;
;;;;;;;;;;;;;;;;;;;;;;
;;;;;;;;;;;;;;;;;;;;;;
;;;;;;;;;;;;;;;;;;;;;;
;;;;;;;;;;;;;;;;;;;;;;
;;;;;;;;;;;;;;;;;;;;;;
;;;;;;;;;;;;;;;;;;;;;;
;;;;;;;;;;;;;;;;;;;;;;
;;;;;;;;;;;;;;;;;;;;;;
;;;;;;;;;;;;;;;;;;;;;;
;;;;;;;;;;;;;;;;;;;;;;
;;;;;;;;;;;;;;;;;;;;;;
;;;;;;;;;;;;;;;;;;;;;;
;;;;;;;;;;;;;;;;;;;;;;
;;;;;;;;;;;;;;;;;;;;;;
;;;;;;;;;;;;;;;;;;;;;;
;;;;;;;;;;;;;;;;;;;;;;
;;;;;;;;;;;;;;;;;;;;;;
;;;;;;;;;;;;;;;;;;;;;;
;;;;;;;;;;;;;;;;;;;;;;
;;;;;;;;;;;;;;;;;;;;;;
;;;;;;;;;;;;;;;;;;;;;;
;;;;;;;;;;;;;;;;;;;;;;
;;;;;;;;;;;;;;;;;;;;;;
;;;;;;;;;;;;;;;;;;;;;;
;;;;;;;;;;;;;;;;;;;;;;
;;;;;;;;;;;;;;;;;;;;;;
;;;;;;;;;;;;;;;;;;;;;;
;;;;;;;;;;;;;;;;;;;;;;
;;;;;;;;;;;;;;;;;;;;;;
;;;;;;;;;;;;;;;;;;;;;;
;;;;;;;;;;;;;;;;;;;;;;
;;;;;;;;;;;;;;;;;;;;;;
;;;;;;;;;;;;;;;;;;;;;;
;;;;;;;;;;;;;;;;;;;;;;
;;;;;;;;;;;;;;;;;;;;;;
;;;;;;;;;;;;;;;;;;;;;;
;;;;;;;;;;;;;;;;;;;;;;
;;;;;;;;;;;;;;;;;;;;;;
;;;;;;;;;;;;;;;;;;;;;;
;;;;;;;;;;;;;;;;;;;;;;
;;;;;;;;;;;;;;;;;;;;;;
;;;;;;;;;;;;;;;;;;;;;;
;;;;;;;;;;;;;;;;;;;;;;
;;;;;;;;;;;;;;;;;;;;;;
;;;;;;;;;;;;;;;;;;;;;;
;;;;;;;;;;;;;;;;;;;;;;
;;;;;;;;;;;;;;;;;;;;;;
;;;;;;;;;;;;;;;;;;;;;;
;;;;;;;;;;;;;;;;;;;;;;
;;;;;;;;;;;;;;;;;;;;;;
;;;;;;;;;;;;;;;;;;;;;;
;;;;;;;;;;;;;;;;;;;;;;
;;;;;;;;;;;;;;;;;;;;;;
;;;;;;;;;;;;;;;;;;;;;;
;;;;;;;;;;;;;;;;;;;;;;
;;;;;;;;;;;;;;;;;;;;;;
;;;;;;;;;;;;;;;;;;;;;;
;;;;;;;;;;;;;;;;;;;;;;
;;;;;;;;;;;;;;;;;;;;;;
;;;;;;;;;;;;;;;;;;;;;;
;;;;;;;;;;;;;;;;;;;;;;
;;;;;;;;;;;;;;;;;;;;;;
;;;;;;;;;;;;;;;;;;;;;;
;;;;;;;;;;;;;;;;;;;;;;
;;;;;;;;;;;;;;;;;;;;;;
;;;;;;;;;;;;;;;;;;;;;;
;;;;;;;;;;;;;;;;;;;;;;
;;;;;;;;;;;;;;;;;;;;;;
;;;;;;;;;;;;;;;;;;;;;;
;;;;;;;;;;;;;;;;;;;;;;
;;;;;;;;;;;;;;;;;;;;;;
;;;;;;;;;;;;;;;;;;;;;;
;;;;;;;;;;;;;;;;;;;;;;
;;;;;;;;;;;;;;;;;;;;;;
;;;;;;;;;;;;;;;;;;;;;;
;;;;;;;;;;;;;;;;;;;;;;
;;;;;;;;;;;;;;;;;;;;;;
;;;;;;;;;;;;;;;;;;;;;;
;;;;;;;;;;;;;;;;;;;;;;
;;;;;;;;;;;;;;;;;;;;;;
;;;;;;;;;;;;;;;;;;;;;;
;;;;;;;;;;;;;;;;;;;;;;
;;;;;;;;;;;;;;;;;;;;;;
;;;;;;;;;;;;;;;;;;;;;;
;;;;;;;;;;;;;;;;;;;;;;
;;;;;;;;;;;;;;;;;;;;;;
;;;;;;;;;;;;;;;;;;;;;;
;;;;;;;;;;;;;;;;;;;;;;
;;;;;;;;;;;;;;;;;;;;;;
;;;;;;;;;;;;;;;;;;;;;;
;;;;;;;;;;;;;;;;;;;;;;
;;;;;;;;;;;;;;;;;;;;;;
;;;;;;;;;;;;;;;;;;;;;;
;;;;;;;;;;;;;;;;;;;;;;
;;;;;;;;;;;;;;;;;;;;;;
;;;;;;;;;;;;;;;;;;;;;;
;;;;;;;;;;;;;;;;;;;;;;
;;;;;;;;;;;;;;;;;;;;;;
;;;;;;;;;;;;;;;;;;;;;;
;;;;;;;;;;;;;;;;;;;;;;
;;;;;;;;;;;;;;;;;;;;;;
;;;;;;;;;;;;;;;;;;;;;;
;;;;;;;;;;;;;;;;;;;;;;
;;;;;;;;;;;;;;;;;;;;;;
;;;;;;;;;;;;;;;;;;;;;;
;;;;;;;;;;;;;;;;;;;;;;
;;;;;;;;;;;;;;;;;;;;;;
;;;;;;;;;;;;;;;;;;;;;;
;;;;;;;;;;;;;;;;;;;;;;
;;;;;;;;;;;;;;;;;;;;;;
;;;;;;;;;;;;;;;;;;;;;;
;;;;;;;;;;;;;;;;;;;;;;
;;;;;;;;;;;;;;;;;;;;;;
;;;;;;;;;;;;;;;;;;;;;;
;;;;;;;;;;;;;;;;;;;;;;
;;;;;;;;;;;;;;;;;;;;;;
;;;;;;;;;;;;;;;;;;;;;;
;;;;;;;;;;;;;;;;;;;;;;
;;;;;;;;;;;;;;;;;;;;;;
;;;;;;;;;;;;;;;;;;;;;;
;;;;;;;;;;;;;;;;;;;;;;
;;;;;;;;;;;;;;;;;;;;;;
;;;;;;;;;;;;;;;;;;;;;;
;;;;;;;;;;;;;;;;;;;;;;
;;;;;;;;;;;;;;;;;;;;;;
;;;;;;;;;;;;;;;;;;;;;;
;;;;;;;;;;;;;;;;;;;;;;
;;;;;;;;;;;;;;;;;;;;;;
;;;;;;;;;;;;;;;;;;;;;;
;;;;;;;;;;;;;;;;;;;;;;
;;;;;;;;;;;;;;;;;;;;;;
;;;;;;;;;;;;;;;;;;;;;;
;;;;;;;;;;;;;;;;;;;;;;
;;;;;;;;;;;;;;;;;;;;;;
;;;;;;;;;;;;;;;;;;;;;;
;;;;;;;;;;;;;;;;;;;;;;
;;;;;;;;;;;;;;;;;;;;;;
;;;;;;;;;;;;;;;;;;;;;;
;;;;;;;;;;;;;;;;;;;;;;
;;;;;;;;;;;;;;;;;;;;;;
;;;;;;;;;;;;;;;;;;;;;;
;;;;;;;;;;;;;;;;;;;;;;
;;;;;;;;;;;;;;;;;;;;;;
;;;;;;;;;;;;;;;;;;;;;;
;;;;;;;;;;;;;;;;;;;;;;
;;;;;;;;;;;;;;;;;;;;;;
;;;;;;;;;;;;;;;;;;;;;;
;;;;;;;;;;;;;;;;;;;;;;
;;;;;;;;;;;;;;;;;;;;;;
;;;;;;;;;;;;;;;;;;;;;;
;;;;;;;;;;;;;;;;;;;;;;
;;;;;;;;;;;;;;;;;;;;;;
;;;;;;;;;;;;;;;;;;;;;;
;;;;;;;;;;;;;;;;;;;;;;
;;;;;;;;;;;;;;;;;;;;;;
;;;;;;;;;;;;;;;;;;;;;;
;;;;;;;;;;;;;;;;;;;;;;
;;;;;;;;;;;;;;;;;;;;;;
;;;;;;;;;;;;;;;;;;;;;;
;;;;;;;;;;;;;;;;;;;;;;
;;;;;;;;;;;;;;;;;;;;;;
;;;;;;;;;;;;;;;;;;;;;;
;;;;;;;;;;;;;;;;;;;;;;
;;;;;;;;;;;;;;;;;;;;;;
;;;;;;;;;;;;;;;;;;;;;;
;;;;;;;;;;;;;;;;;;;;;;
;;;;;;;;;;;;;;;;;;;;;;
;;;;;;;;;;;;;;;;;;;;;;
;;;;;;;;;;;;;;;;;;;;;;
;;;;;;;;;;;;;;;;;;;;;;
;;;;;;;;;;;;;;;;;;;;;;
;;;;;;;;;;;;;;;;;;;;;;
;;;;;;;;;;;;;;;;;;;;;;
;;;;;;;;;;;;;;;;;;;;;;
;;;;;;;;;;;;;;;;;;;;;;
;;;;;;;;;;;;;;;;;;;;;;
;;;;;;;;;;;;;;;;;;;;;;
;;;;;;;;;;;;;;;;;;;;;;
;;;;;;;;;;;;;;;;;;;;;;
;;;;;;;;;;;;;;;;;;;;;;
;;;;;;;;;;;;;;;;;;;;;;
;;;;;;;;;;;;;;;;;;;;;;
;;;;;;;;;;;;;;;;;;;;;;
;;;;;;;;;;;;;;;;;;;;;;
;;;;;;;;;;;;;;;;;;;;;;
;;;;;;;;;;;;;;;;;;;;;;
;;;;;;;;;;;;;;;;;;;;;;
;;;;;;;;;;;;;;;;;;;;;;
;;;;;;;;;;;;;;;;;;;;;;
;;;;;;;;;;;;;;;;;;;;;;
;;;;;;;;;;;;;;;;;;;;;;
;;;;;;;;;;;;;;;;;;;;;;
;;;;;;;;;;;;;;;;;;;;;;
;;;;;;;;;;;;;;;;;;;;;;
;;;;;;;;;;;;;;;;;;;;;;
;;;;;;;;;;;;;;;;;;;;;;
;;;;;;;;;;;;;;;;;;;;;;
;;;;;;;;;;;;;;;;;;;;;;
;;;;;;;;;;;;;;;;;;;;;;
;;;;;;;;;;;;;;;;;;;;;;
;;;;;;;;;;;;;;;;;;;;;;
;;;;;;;;;;;;;;;;;;;;;;
;;;;;;;;;;;;;;;;;;;;;;
;;;;;;;;;;;;;;;;;;;;;;
;;;;;;;;;;;;;;;;;;;;;;
;;;;;;;;;;;;;;;;;;;;;;
;;;;;;;;;;;;;;;;;;;;;;
;;;;;;;;;;;;;;;;;;;;;;
;;;;;;;;;;;;;;;;;;;;;;
;;;;;;;;;;;;;;;;;;;;;;
;;;;;;;;;;;;;;;;;;;;;;
;;;;;;;;;;;;;;;;;;;;;;
;;;;;;;;;;;;;;;;;;;;;;
;;;;;;;;;;;;;;;;;;;;;;
;;;;;;;;;;;;;;;;;;;;;;
;;;;;;;;;;;;;;;;;;;;;;
;;;;;;;;;;;;;;;;;;;;;;
;;;;;;;;;;;;;;;;;;;;;;
;;;;;;;;;;;;;;;;;;;;;;
;;;;;;;;;;;;;;;;;;;;;;
;;;;;;;;;;;;;;;;;;;;;;
;;;;;;;;;;;;;;;;;;;;;;
;;;;;;;;;;;;;;;;;;;;;;
;;;;;;;;;;;;;;;;;;;;;;
;;;;;;;;;;;;;;;;;;;;;;
;;;;;;;;;;;;;;;;;;;;;;
;;;;;;;;;;;;;;;;;;;;;;
;;;;;;;;;;;;;;;;;;;;;;
;;;;;;;;;;;;;;;;;;;;;;
;;;;;;;;;;;;;;;;;;;;;;
;;;;;;;;;;;;;;;;;;;;;;
;;;;;;;;;;;;;;;;;;;;;;
;;;;;;;;;;;;;;;;;;;;;;
;;;;;;;;;;;;;;;;;;;;;;
;;;;;;;;;;;;;;;;;;;;;;
;;;;;;;;;;;;;;;;;;;;;;
;;;;;;;;;;;;;;;;;;;;;;
;;;;;;;;;;;;;;;;;;;;;;
;;;;;;;;;;;;;;;;;;;;;;
;;;;;;;;;;;;;;;;;;;;;;
;;;;;;;;;;;;;;;;;;;;;;
;;;;;;;;;;;;;;;;;;;;;;
;;;;;;;;;;;;;;;;;;;;;;
;;;;;;;;;;;;;;;;;;;;;;
;;;;;;;;;;;;;;;;;;;;;;
;;;;;;;;;;;;;;;;;;;;;;
;;;;;;;;;;;;;;;;;;;;;;
;;;;;;;;;;;;;;;;;;;;;;
;;;;;;;;;;;;;;;;;;;;;;
;;;;;;;;;;;;;;;;;;;;;;
;;;;;;;;;;;;;;;;;;;;;;
;;;;;;;;;;;;;;;;;;;;;;
;;;;;;;;;;;;;;;;;;;;;;
;;;;;;;;;;;;;;;;;;;;;;
;;;;;;;;;;;;;;;;;;;;;;
;;;;;;;;;;;;;;;;;;;;;;
;;;;;;;;;;;;;;;;;;;;;;
;;;;;;;;;;;;;;;;;;;;;;
;;;;;;;;;;;;;;;;;;;;;;
;;;;;;;;;;;;;;;;;;;;;;
;;;;;;;;;;;;;;;;;;;;;;
;;;;;;;;;;;;;;;;;;;;;;
;;;;;;;;;;;;;;;;;;;;;;
;;;;;;;;;;;;;;;;;;;;;;
;;;;;;;;;;;;;;;;;;;;;;
;;;;;;;;;;;;;;;;;;;;;;
;;;;;;;;;;;;;;;;;;;;;;
;;;;;;;;;;;;;;;;;;;;;;
;;;;;;;;;;;;;;;;;;;;;;
;;;;;;;;;;;;;;;;;;;;;;
;;;;;;;;;;;;;;;;;;;;;;
;;;;;;;;;;;;;;;;;;;;;;
;;;;;;;;;;;;;;;;;;;;;;
;;;;;;;;;;;;;;;;;;;;;;
;;;;;;;;;;;;;;;;;;;;;;
;;;;;;;;;;;;;;;;;;;;;;
;;;;;;;;;;;;;;;;;;;;;;
;;;;;;;;;;;;;;;;;;;;;;
;;;;;;;;;;;;;;;;;;;;;;
;;;;;;;;;;;;;;;;;;;;;;
;;;;;;;;;;;;;;;;;;;;;;
;;;;;;;;;;;;;;;;;;;;;;
;;;;;;;;;;;;;;;;;;;;;;
;;;;;;;;;;;;;;;;;;;;;;
;;;;;;;;;;;;;;;;;;;;;;
;;;;;;;;;;;;;;;;;;;;;;
;;;;;;;;;;;;;;;;;;;;;;
;;;;;;;;;;;;;;;;;;;;;;
;;;;;;;;;;;;;;;;;;;;;;
;;;;;;;;;;;;;;;;;;;;;;
;;;;;;;;;;;;;;;;;;;;;;
;;;;;;;;;;;;;;;;;;;;;;
;;;;;;;;;;;;;;;;;;;;;;
;;;;;;;;;;;;;;;;;;;;;;
;;;;;;;;;;;;;;;;;;;;;;
;;;;;;;;;;;;;;;;;;;;;;
;;;;;;;;;;;;;;;;;;;;;;
;;;;;;;;;;;;;;;;;;;;;;
;;;;;;;;;;;;;;;;;;;;;;
;;;;;;;;;;;;;;;;;;;;;;
;;;;;;;;;;;;;;;;;;;;;;
;;;;;;;;;;;;;;;;;;;;;;
;;;;;;;;;;;;;;;;;;;;;;
;;;;;;;;;;;;;;;;;;;;;;
;;;;;;;;;;;;;;;;;;;;;;
;;;;;;;;;;;;;;;;;;;;;;
;;;;;;;;;;;;;;;;;;;;;;
;;;;;;;;;;;;;;;;;;;;;;
;;;;;;;;;;;;;;;;;;;;;;
;;;;;;;;;;;;;;;;;;;;;;
;;;;;;;;;;;;;;;;;;;;;;
;;;;;;;;;;;;;;;;;;;;;;
;;;;;;;;;;;;;;;;;;;;;;
;;;;;;;;;;;;;;;;;;;;;;
;;;;;;;;;;;;;;;;;;;;;;
;;;;;;;;;;;;;;;;;;;;;;
;;;;;;;;;;;;;;;;;;;;;;
;;;;;;;;;;;;;;;;;;;;;;
;;;;;;;;;;;;;;;;;;;;;;
;;;;;;;;;;;;;;;;;;;;;;
;;;;;;;;;;;;;;;;;;;;;;
;;;;;;;;;;;;;;;;;;;;;;
;;;;;;;;;;;;;;;;;;;;;;
;;;;;;;;;;;;;;;;;;;;;;
;;;;;;;;;;;;;;;;;;;;;;
;;;;;;;;;;;;;;;;;;;;;;
;;;;;;;;;;;;;;;;;;;;;;
;;;;;;;;;;;;;;;;;;;;;;
;;;;;;;;;;;;;;;;;;;;;;
;;;;;;;;;;;;;;;;;;;;;;
;;;;;;;;;;;;;;;;;;;;;;
;;;;;;;;;;;;;;;;;;;;;;
;;;;;;;;;;;;;;;;;;;;;;
;;;;;;;;;;;;;;;;;;;;;;
;;;;;;;;;;;;;;;;;;;;;;
;;;;;;;;;;;;;;;;;;;;;;
;;;;;;;;;;;;;;;;;;;;;;
;;;;;;;;;;;;;;;;;;;;;;
;;;;;;;;;;;;;;;;;;;;;;
;;;;;;;;;;;;;;;;;;;;;;
;;;;;;;;;;;;;;;;;;;;;;
;;;;;;;;;;;;;;;;;;;;;;
;;;;;;;;;;;;;;;;;;;;;;
;;;;;;;;;;;;;;;;;;;;;;
;;;;;;;;;;;;;;;;;;;;;;
;;;;;;;;;;;;;;;;;;;;;;
;;;;;;;;;;;;;;;;;;;;;;
;;;;;;;;;;;;;;;;;;;;;;
;;;;;;;;;;;;;;;;;;;;;;
;;;;;;;;;;;;;;;;;;;;;;
;;;;;;;;;;;;;;;;;;;;;;
;;;;;;;;;;;;;;;;;;;;;;
;;;;;;;;;;;;;;;;;;;;;;
;;;;;;;;;;;;;;;;;;;;;;
;;;;;;;;;;;;;;;;;;;;;;
;;;;;;;;;;;;;;;;;;;;;;
;;;;;;;;;;;;;;;;;;;;;;
;;;;;;;;;;;;;;;;;;;;;;
;;;;;;;;;;;;;;;;;;;;;;
;;;;;;;;;;;;;;;;;;;;;;
;;;;;;;;;;;;;;;;;;;;;;
;;;;;;;;;;;;;;;;;;;;;;
;;;;;;;;;;;;;;;;;;;;;;
;;;;;;;;;;;;;;;;;;;;;;
;;;;;;;;;;;;;;;;;;;;;;
;;;;;;;;;;;;;;;;;;;;;;
;;;;;;;;;;;;;;;;;;;;;;
;;;;;;;;;;;;;;;;;;;;;;
;;;;;;;;;;;;;;;;;;;;;;
;;;;;;;;;;;;;;;;;;;;;;
;;;;;;;;;;;;;;;;;;;;;;
;;;;;;;;;;;;;;;;;;;;;;
;;;;;;;;;;;;;;;;;;;;;;
;;;;;;;;;;;;;;;;;;;;;;
;;;;;;;;;;;;;;;;;;;;;;
;;;;;;;;;;;;;;;;;;;;;;
;;;;;;;;;;;;;;;;;;;;;;
;;;;;;;;;;;;;;;;;;;;;;
;;;;;;;;;;;;;;;;;;;;;;
;;;;;;;;;;;;;;;;;;;;;;
;;;;;;;;;;;;;;;;;;;;;;
;;;;;;;;;;;;;;;;;;;;;;
;;;;;;;;;;;;;;;;;;;;;;
;;;;;;;;;;;;;;;;;;;;;;
;;;;;;;;;;;;;;;;;;;;;;
;;;;;;;;;;;;;;;;;;;;;;
;;;;;;;;;;;;;;;;;;;;;;
;;;;;;;;;;;;;;;;;;;;;;
;;;;;;;;;;;;;;;;;;;;;;
;;;;;;;;;;;;;;;;;;;;;;
;;;;;;;;;;;;;;;;;;;;;;
;;;;;;;;;;;;;;;;;;;;;;
;;;;;;;;;;;;;;;;;;;;;;
;;;;;;;;;;;;;;;;;;;;;;
;;;;;;;;;;;;;;;;;;;;;;
;;;;;;;;;;;;;;;;;;;;;;
;;;;;;;;;;;;;;;;;;;;;;
;;;;;;;;;;;;;;;;;;;;;;
;;;;;;;;;;;;;;;;;;;;;;
;;;;;;;;;;;;;;;;;;;;;;
;;;;;;;;;;;;;;;;;;;;;;
;;;;;;;;;;;;;;;;;;;;;;
;;;;;;;;;;;;;;;;;;;;;;
;;;;;;;;;;;;;;;;;;;;;;
;;;;;;;;;;;;;;;;;;;;;;
;;;;;;;;;;;;;;;;;;;;;;
;;;;;;;;;;;;;;;;;;;;;;
;;;;;;;;;;;;;;;;;;;;;;
;;;;;;;;;;;;;;;;;;;;;;
;;;;;;;;;;;;;;;;;;;;;;
;;;;;;;;;;;;;;;;;;;;;;
;;;;;;;;;;;;;;;;;;;;;;
;;;;;;;;;;;;;;;;;;;;;;
;;;;;;;;;;;;;;;;;;;;;;
;;;;;;;;;;;;;;;;;;;;;;
;;;;;;;;;;;;;;;;;;;;;;
;;;;;;;;;;;;;;;;;;;;;;
;;;;;;;;;;;;;;;;;;;;;;
;;;;;;;;;;;;;;;;;;;;;;
;;;;;;;;;;;;;;;;;;;;;;
;;;;;;;;;;;;;;;;;;;;;;
;;;;;;;;;;;;;;;;;;;;;;
;;;;;;;;;;;;;;;;;;;;;;
;;;;;;;;;;;;;;;;;;;;;;
;;;;;;;;;;;;;;;;;;;;;;
;;;;;;;;;;;;;;;;;;;;;;
;;;;;;;;;;;;;;;;;;;;;;
;;;;;;;;;;;;;;;;;;;;;;
;;;;;;;;;;;;;;;;;;;;;;
;;;;;;;;;;;;;;;;;;;;;;
;;;;;;;;;;;;;;;;;;;;;;
;;;;;;;;;;;;;;;;;;;;;;
;;;;;;;;;;;;;;;;;;;;;;
;;;;;;;;;;;;;;;;;;;;;;
;;;;;;;;;;;;;;;;;;;;;;
;;;;;;;;;;;;;;;;;;;;;;
;;;;;;;;;;;;;;;;;;;;;;
;;;;;;;;;;;;;;;;;;;;;;
;;;;;;;;;;;;;;;;;;;;;;
;;;;;;;;;;;;;;;;;;;;;;
;;;;;;;;;;;;;;;;;;;;;;
;;;;;;;;;;;;;;;;;;;;;;
;;;;;;;;;;;;;;;;;;;;;;
;;;;;;;;;;;;;;;;;;;;;;
;;;;;;;;;;;;;;;;;;;;;;
;;;;;;;;;;;;;;;;;;;;;;
;;;;;;;;;;;;;;;;;;;;;;
;;;;;;;;;;;;;;;;;;;;;;
;;;;;;;;;;;;;;;;;;;;;;
;;;;;;;;;;;;;;;;;;;;;;
;;;;;;;;;;;;;;;;;;;;;;
;;;;;;;;;;;;;;;;;;;;;;
;;;;;;;;;;;;;;;;;;;;;;
;;;;;;;;;;;;;;;;;;;;;;
;;;;;;;;;;;;;;;;;;;;;;
;;;;;;;;;;;;;;;;;;;;;;
;;;;;;;;;;;;;;;;;;;;;;
;;;;;;;;;;;;;;;;;;;;;;
;;;;;;;;;;;;;;;;;;;;;;
;;;;;;;;;;;;;;;;;;;;;;
;;;;;;;;;;;;;;;;;;;;;;
;;;;;;;;;;;;;;;;;;;;;;
;;;;;;;;;;;;;;;;;;;;;;
;;;;;;;;;;;;;;;;;;;;;;
;;;;;;;;;;;;;;;;;;;;;;
;;;;;;;;;;;;;;;;;;;;;;
;;;;;;;;;;;;;;;;;;;;;;
;;;;;;;;;;;;;;;;;;;;;;
;;;;;;;;;;;;;;;;;;;;;;
;;;;;;;;;;;;;;;;;;;;;;
;;;;;;;;;;;;;;;;;;;;;;
;;;;;;;;;;;;;;;;;;;;;;
;;;;;;;;;;;;;;;;;;;;;;
;;;;;;;;;;;;;;;;;;;;;;
;;;;;;;;;;;;;;;;;;;;;;
;;;;;;;;;;;;;;;;;;;;;;
;;;;;;;;;;;;;;;;;;;;;;
;;;;;;;;;;;;;;;;;;;;;;
;;;;;;;;;;;;;;;;;;;;;;
;;;;;;;;;;;;;;;;;;;;;;
;;;;;;;;;;;;;;;;;;;;;;
;;;;;;;;;;;;;;;;;;;;;;
;;;;;;;;;;;;;;;;;;;;;;
;;;;;;;;;;;;;;;;;;;;;;
;;;;;;;;;;;;;;;;;;;;;;
;;;;;;;;;;;;;;;;;;;;;;
;;;;;;;;;;;;;;;;;;;;;;
;;;;;;;;;;;;;;;;;;;;;;
;;;;;;;;;;;;;;;;;;;;;;
;;;;;;;;;;;;;;;;;;;;;;
;;;;;;;;;;;;;;;;;;;;;;
;;;;;;;;;;;;;;;;;;;;;;
;;;;;;;;;;;;;;;;;;;;;;
;;;;;;;;;;;;;;;;;;;;;;
;;;;;;;;;;;;;;;;;;;;;;
;;;;;;;;;;;;;;;;;;;;;;
;;;;;;;;;;;;;;;;;;;;;;
;;;;;;;;;;;;;;;;;;;;;;
;;;;;;;;;;;;;;;;;;;;;;
;;;;;;;;;;;;;;;;;;;;;;
;;;;;;;;;;;;;;;;;;;;;;
;;;;;;;;;;;;;;;;;;;;;;
;;;;;;;;;;;;;;;;;;;;;;
;;;;;;;;;;;;;;;;;;;;;;
;;;;;;;;;;;;;;;;;;;;;;
;;;;;;;;;;;;;;;;;;;;;;
;;;;;;;;;;;;;;;;;;;;;;
;;;;;;;;;;;;;;;;;;;;;;
;;;;;;;;;;;;;;;;;;;;;;
;;;;;;;;;;;;;;;;;;;;;;
;;;;;;;;;;;;;;;;;;;;;;
;;;;;;;;;;;;;;;;;;;;;;
;;;;;;;;;;;;;;;;;;;;;;
;;;;;;;;;;;;;;;;;;;;;;
;;;;;;;;;;;;;;;;;;;;;;
;;;;;;;;;;;;;;;;;;;;;;
;;;;;;;;;;;;;;;;;;;;;;
;;;;;;;;;;;;;;;;;;;;;;
;;;;;;;;;;;;;;;;;;;;;;
;;;;;;;;;;;;;;;;;;;;;;
;;;;;;;;;;;;;;;;;;;;;;
;;;;;;;;;;;;;;;;;;;;;;
;;;;;;;;;;;;;;;;;;;;;;
;;;;;;;;;;;;;;;;;;;;;;
;;;;;;;;;;;;;;;;;;;;;;
;;;;;;;;;;;;;;;;;;;;;;
;;;;;;;;;;;;;;;;;;;;;;
;;;;;;;;;;;;;;;;;;;;;;
;;;;;;;;;;;;;;;;;;;;;;
;;;;;;;;;;;;;;;;;;;;;;
;;;;;;;;;;;;;;;;;;;;;;
;;;;;;;;;;;;;;;;;;;;;;
;;;;;;;;;;;;;;;;;;;;;;
;;;;;;;;;;;;;;;;;;;;;;
;;;;;;;;;;;;;;;;;;;;;;
;;;;;;;;;;;;;;;;;;;;;;
;;;;;;;;;;;;;;;;;;;;;;
;;;;;;;;;;;;;;;;;;;;;;
;;;;;;;;;;;;;;;;;;;;;;
;;;;;;;;;;;;;;;;;;;;;;
;;;;;;;;;;;;;;;;;;;;;;
;;;;;;;;;;;;;;;;;;;;;;
;;;;;;;;;;;;;;;;;;;;;;
;;;;;;;;;;;;;;;;;;;;;;
;;;;;;;;;;;;;;;;;;;;;;
;;;;;;;;;;;;;;;;;;;;;;
;;;;;;;;;;;;;;;;;;;;;;
;;;;;;;;;;;;;;;;;;;;;;
;;;;;;;;;;;;;;;;;;;;;;
;;;;;;;;;;;;;;;;;;;;;;
;;;;;;;;;;;;;;;;;;;;;;
;;;;;;;;;;;;;;;;;;;;;;
;;;;;;;;;;;;;;;;;;;;;;
;;;;;;;;;;;;;;;;;;;;;;
;;;;;;;;;;;;;;;;;;;;;;
;;;;;;;;;;;;;;;;;;;;;;
;;;;;;;;;;;;;;;;;;;;;;
;;;;;;;;;;;;;;;;;;;;;;
;;;;;;;;;;;;;;;;;;;;;;
;;;;;;;;;;;;;;;;;;;;;;
;;;;;;;;;;;;;;;;;;;;;;
;;;;;;;;;;;;;;;;;;;;;;
;;;;;;;;;;;;;;;;;;;;;;
;;;;;;;;;;;;;;;;;;;;;;
;;;;;;;;;;;;;;;;;;;;;;
;;;;;;;;;;;;;;;;;;;;;;
;;;;;;;;;;;;;;;;;;;;;;
;;;;;;;;;;;;;;;;;;;;;;
;;;;;;;;;;;;;;;;;;;;;;
;;;;;;;;;;;;;;;;;;;;;;
;;;;;;;;;;;;;;;;;;;;;;
;;;;;;;;;;;;;;;;;;;;;;
;;;;;;;;;;;;;;;;;;;;;;
;;;;;;;;;;;;;;;;;;;;;;
;;;;;;;;;;;;;;;;;;;;;;
;;;;;;;;;;;;;;;;;;;;;;
;;;;;;;;;;;;;;;;;;;;;;
;;;;;;;;;;;;;;;;;;;;;;
;;;;;;;;;;;;;;;;;;;;;;
;;;;;;;;;;;;;;;;;;;;;;
;;;;;;;;;;;;;;;;;;;;;;
;;;;;;;;;;;;;;;;;;;;;;
;;;;;;;;;;;;;;;;;;;;;;
;;;;;;;;;;;;;;;;;;;;;;
;;;;;;;;;;;;;;;;;;;;;;
;;;;;;;;;;;;;;;;;;;;;;
;;;;;;;;;;;;;;;;;;;;;;
;;;;;;;;;;;;;;;;;;;;;;
;;;;;;;;;;;;;;;;;;;;;;
;;;;;;;;;;;;;;;;;;;;;;
;;;;;;;;;;;;;;;;;;;;;;
;;;;;;;;;;;;;;;;;;;;;;
;;;;;;;;;;;;;;;;;;;;;;
;;;;;;;;;;;;;;;;;;;;;;
;;;;;;;;;;;;;;;;;;;;;;
;;;;;;;;;;;;;;;;;;;;;;
;;;;;;;;;;;;;;;;;;;;;;
;;;;;;;;;;;;;;;;;;;;;;
;;;;;;;;;;;;;;;;;;;;;;
;;;;;;;;;;;;;;;;;;;;;;
;;;;;;;;;;;;;;;;;;;;;;
;;;;;;;;;;;;;;;;;;;;;;
;;;;;;;;;;;;;;;;;;;;;;
;;;;;;;;;;;;;;;;;;;;;;
;;;;;;;;;;;;;;;;;;;;;;
;;;;;;;;;;;;;;;;;;;;;;
;;;;;;;;;;;;;;;;;;;;;;
;;;;;;;;;;;;;;;;;;;;;;
;;;;;;;;;;;;;;;;;;;;;;
;;;;;;;;;;;;;;;;;;;;;;
;;;;;;;;;;;;;;;;;;;;;;
;;;;;;;;;;;;;;;;;;;;;;
;;;;;;;;;;;;;;;;;;;;;;
;;;;;;;;;;;;;;;;;;;;;;
;;;;;;;;;;;;;;;;;;;;;;
;;;;;;;;;;;;;;;;;;;;;;
;;;;;;;;;;;;;;;;;;;;;;
;;;;;;;;;;;;;;;;;;;;;;
;;;;;;;;;;;;;;;;;;;;;;
;;;;;;;;;;;;;;;;;;;;;;
;;;;;;;;;;;;;;;;;;;;;;
;;;;;;;;;;;;;;;;;;;;;;
;;;;;;;;;;;;;;;;;;;;;;
;;;;;;;;;;;;;;;;;;;;;;
;;;;;;;;;;;;;;;;;;;;;;
;;;;;;;;;;;;;;;;;;;;;;
;;;;;;;;;;;;;;;;;;;;;;
;;;;;;;;;;;;;;;;;;;;;;
;;;;;;;;;;;;;;;;;;;;;;
;;;;;;;;;;;;;;;;;;;;;;
;;;;;;;;;;;;;;;;;;;;;;
;;;;;;;;;;;;;;;;;;;;;;
;;;;;;;;;;;;;;;;;;;;;;
;;;;;;;;;;;;;;;;;;;;;;
;;;;;;;;;;;;;;;;;;;;;;
;;;;;;;;;;;;;;;;;;;;;;
;;;;;;;;;;;;;;;;;;;;;;
;;;;;;;;;;;;;;;;;;;;;;
;;;;;;;;;;;;;;;;;;;;;;
;;;;;;;;;;;;;;;;;;;;;;
;;;;;;;;;;;;;;;;;;;;;;
;;;;;;;;;;;;;;;;;;;;;;
;;;;;;;;;;;;;;;;;;;;;;
;;;;;;;;;;;;;;;;;;;;;;
;;;;;;;;;;;;;;;;;;;;;;
;;;;;;;;;;;;;;;;;;;;;;
;;;;;;;;;;;;;;;;;;;;;;
;;;;;;;;;;;;;;;;;;;;;;
;;;;;;;;;;;;;;;;;;;;;;
;;;;;;;;;;;;;;;;;;;;;;
;;;;;;;;;;;;;;;;;;;;;;
;;;;;;;;;;;;;;;;;;;;;;
;;;;;;;;;;;;;;;;;;;;;;
;;;;;;;;;;;;;;;;;;;;;;
;;;;;;;;;;;;;;;;;;;;;;
;;;;;;;;;;;;;;;;;;;;;;
;;;;;;;;;;;;;;;;;;;;;;
;;;;;;;;;;;;;;;;;;;;;;
;;;;;;;;;;;;;;;;;;;;;;
;;;;;;;;;;;;;;;;;;;;;;
;;;;;;;;;;;;;;;;;;;;;;
;;;;;;;;;;;;;;;;;;;;;;
;;;;;;;;;;;;;;;;;;;;;;
;;;;;;;;;;;;;;;;;;;;;;
;;;;;;;;;;;;;;;;;;;;;;
;;;;;;;;;;;;;;;;;;;;;;
;;;;;;;;;;;;;;;;;;;;;;
;;;;;;;;;;;;;;;;;;;;;;
;;;;;;;;;;;;;;;;;;;;;;
;;;;;;;;;;;;;;;;;;;;;;
;;;;;;;;;;;;;;;;;;;;;;
;;;;;;;;;;;;;;;;;;;;;;
;;;;;;;;;;;;;;;;;;;;;;
;;;;;;;;;;;;;;;;;;;;;;
;;;;;;;;;;;;;;;;;;;;;;
;;;;;;;;;;;;;;;;;;;;;;
;;;;;;;;;;;;;;;;;;;;;;
;;;;;;;;;;;;;;;;;;;;;;
;;;;;;;;;;;;;;;;;;;;;;
;;;;;;;;;;;;;;;;;;;;;;
;;;;;;;;;;;;;;;;;;;;;;
;;;;;;;;;;;;;;;;;;;;;;
;;;;;;;;;;;;;;;;;;;;;;
;;;;;;;;;;;;;;;;;;;;;;
;;;;;;;;;;;;;;;;;;;;;;
;;;;;;;;;;;;;;;;;;;;;;
;;;;;;;;;;;;;;;;;;;;;;
;;;;;;;;;;;;;;;;;;;;;;
;;;;;;;;;;;;;;;;;;;;;;
;;;;;;;;;;;;;;;;;;;;;;
;;;;;;;;;;;;;;;;;;;;;;
;;;;;;;;;;;;;;;;;;;;;;
;;;;;;;;;;;;;;;;;;;;;;
;;;;;;;;;;;;;;;;;;;;;;
;;;;;;;;;;;;;;;;;;;;;;
;;;;;;;;;;;;;;;;;;;;;;
;;;;;;;;;;;;;;;;;;;;;;
;;;;;;;;;;;;;;;;;;;;;;
;;;;;;;;;;;;;;;;;;;;;;
;;;;;;;;;;;;;;;;;;;;;;
;;;;;;;;;;;;;;;;;;;;;;
;;;;;;;;;;;;;;;;;;;;;;
;;;;;;;;;;;;;;;;;;;;;;
;;;;;;;;;;;;;;;;;;;;;;
;;;;;;;;;;;;;;;;;;;;;;
;;;;;;;;;;;;;;;;;;;;;;
;;;;;;;;;;;;;;;;;;;;;;
;;;;;;;;;;;;;;;;;;;;;;
;;;;;;;;;;;;;;;;;;;;;;
;;;;;;;;;;;;;;;;;;;;;;
;;;;;;;;;;;;;;;;;;;;;;
;;;;;;;;;;;;;;;;;;;;;;
;;;;;;;;;;;;;;;;;;;;;;
;;;;;;;;;;;;;;;;;;;;;;
;;;;;;;;;;;;;;;;;;;;;;
;;;;;;;;;;;;;;;;;;;;;;
;;;;;;;;;;;;;;;;;;;;;;
;;;;;;;;;;;;;;;;;;;;;;
;;;;;;;;;;;;;;;;;;;;;;
;;;;;;;;;;;;;;;;;;;;;;
;;;;;;;;;;;;;;;;;;;;;;
;;;;;;;;;;;;;;;;;;;;;;
;;;;;;;;;;;;;;;;;;;;;;
;;;;;;;;;;;;;;;;;;;;;;
;;;;;;;;;;;;;;;;;;;;;;
;;;;;;;;;;;;;;;;;;;;;;
;;;;;;;;;;;;;;;;;;;;;;
;;;;;;;;;;;;;;;;;;;;;;
;;;;;;;;;;;;;;;;;;;;;;
;;;;;;;;;;;;;;;;;;;;;;
;;;;;;;;;;;;;;;;;;;;;;
;;;;;;;;;;;;;;;;;;;;;;
;;;;;;;;;;;;;;;;;;;;;;
;;;;;;;;;;;;;;;;;;;;;;
;;;;;;;;;;;;;;;;;;;;;;
;;;;;;;;;;;;;;;;;;;;;;
;;;;;;;;;;;;;;;;;;;;;;
;;;;;;;;;;;;;;;;;;;;;;
;;;;;;;;;;;;;;;;;;;;;;
;;;;;;;;;;;;;;;;;;;;;;
;;;;;;;;;;;;;;;;;;;;;;
;;;;;;;;;;;;;;;;;;;;;;
;;;;;;;;;;;;;;;;;;;;;;
;;;;;;;;;;;;;;;;;;;;;;
;;;;;;;;;;;;;;;;;;;;;;
;;;;;;;;;;;;;;;;;;;;;;
;;;;;;;;;;;;;;;;;;;;;;
;;;;;;;;;;;;;;;;;;;;;;
;;;;;;;;;;;;;;;;;;;;;;
;;;;;;;;;;;;;;;;;;;;;;
;;;;;;;;;;;;;;;;;;;;;;
;;;;;;;;;;;;;;;;;;;;;;
;;;;;;;;;;;;;;;;;;;;;;
;;;;;;;;;;;;;;;;;;;;;;
;;;;;;;;;;;;;;;;;;;;;;
;;;;;;;;;;;;;;;;;;;;;;
;;;;;;;;;;;;;;;;;;;;;;
;;;;;;;;;;;;;;;;;;;;;;
;;;;;;;;;;;;;;;;;;;;;;
;;;;;;;;;;;;;;;;;;;;;;
;;;;;;;;;;;;;;;;;;;;;;
;;;;;;;;;;;;;;;;;;;;;;
;;;;;;;;;;;;;;;;;;;;;;
;;;;;;;;;;;;;;;;;;;;;;
;;;;;;;;;;;;;;;;;;;;;;
;;;;;;;;;;;;;;;;;;;;;;
;;;;;;;;;;;;;;;;;;;;;;
;;;;;;;;;;;;;;;;;;;;;;
;;;;;;;;;;;;;;;;;;;;;;
;;;;;;;;;;;;;;;;;;;;;;
;;;;;;;;;;;;;;;;;;;;;;
;;;;;;;;;;;;;;;;;;;;;;
;;;;;;;;;;;;;;;;;;;;;;
;;;;;;;;;;;;;;;;;;;;;;
;;;;;;;;;;;;;;;;;;;;;;
;;;;;;;;;;;;;;;;;;;;;;
;;;;;;;;;;;;;;;;;;;;;;
;;;;;;;;;;;;;;;;;;;;;;
;;;;;;;;;;;;;;;;;;;;;;
;;;;;;;;;;;;;;;;;;;;;;
;;;;;;;;;;;;;;;;;;;;;;
;;;;;;;;;;;;;;;;;;;;;;
;;;;;;;;;;;;;;;;;;;;;;
;;;;;;;;;;;;;;;;;;;;;;
;;;;;;;;;;;;;;;;;;;;;;
;;;;;;;;;;;;;;;;;;;;;;
;;;;;;;;;;;;;;;;;;;;;;
;;;;;;;;;;;;;;;;;;;;;;
;;;;;;;;;;;;;;;;;;;;;;
;;;;;;;;;;;;;;;;;;;;;;
;;;;;;;;;;;;;;;;;;;;;;
;;;;;;;;;;;;;;;;;;;;;;
;;;;;;;;;;;;;;;;;;;;;;
;;;;;;;;;;;;;;;;;;;;;;
;;;;;;;;;;;;;;;;;;;;;;
;;;;;;;;;;;;;;;;;;;;;;
;;;;;;;;;;;;;;;;;;;;;;
;;;;;;;;;;;;;;;;;;;;;;
;;;;;;;;;;;;;;;;;;;;;;
;;;;;;;;;;;;;;;;;;;;;;
;;;;;;;;;;;;;;;;;;;;;;
;;;;;;;;;;;;;;;;;;;;;;
;;;;;;;;;;;;;;;;;;;;;;
;;;;;;;;;;;;;;;;;;;;;;
;;;;;;;;;;;;;;;;;;;;;;
;;;;;;;;;;;;;;;;;;;;;;
;;;;;;;;;;;;;;;;;;;;;;
;;;;;;;;;;;;;;;;;;;;;;
;;;;;;;;;;;;;;;;;;;;;;
;;;;;;;;;;;;;;;;;;;;;;
;;;;;;;;;;;;;;;;;;;;;;
;;;;;;;;;;;;;;;;;;;;;;
;;;;;;;;;;;;;;;;;;;;;;
;;;;;;;;;;;;;;;;;;;;;;
;;;;;;;;;;;;;;;;;;;;;;
;;;;;;;;;;;;;;;;;;;;;;
;;;;;;;;;;;;;;;;;;;;;;
;;;;;;;;;;;;;;;;;;;;;;
;;;;;;;;;;;;;;;;;;;;;;
;;;;;;;;;;;;;;;;;;;;;;
;;;;;;;;;;;;;;;;;;;;;;
;;;;;;;;;;;;;;;;;;;;;;
;;;;;;;;;;;;;;;;;;;;;;
;;;;;;;;;;;;;;;;;;;;;;
;;;;;;;;;;;;;;;;;;;;;;
;;;;;;;;;;;;;;;;;;;;;;
;;;;;;;;;;;;;;;;;;;;;;
;;;;;;;;;;;;;;;;;;;;;;
;;;;;;;;;;;;;;;;;;;;;;
;;;;;;;;;;;;;;;;;;;;;;
;;;;;;;;;;;;;;;;;;;;;;
;;;;;;;;;;;;;;;;;;;;;;
;;;;;;;;;;;;;;;;;;;;;;
;;;;;;;;;;;;;;;;;;;;;;
;;;;;;;;;;;;;;;;;;;;;;
;;;;;;;;;;;;;;;;;;;;;;
;;;;;;;;;;;;;;;;;;;;;;
;;;;;;;;;;;;;;;;;;;;;;
;;;;;;;;;;;;;;;;;;;;;;
;;;;;;;;;;;;;;;;;;;;;;
;;;;;;;;;;;;;;;;;;;;;;
;;;;;;;;;;;;;;;;;;;;;;
;;;;;;;;;;;;;;;;;;;;;;
;;;;;;;;;;;;;;;;;;;;;;
;;;;;;;;;;;;;;;;;;;;;;
;;;;;;;;;;;;;;;;;;;;;;
;;;;;;;;;;;;;;;;;;;;;;
;;;;;;;;;;;;;;;;;;;;;;
;;;;;;;;;;;;;;;;;;;;;;
;;;;;;;;;;;;;;;;;;;;;;
;;;;;;;;;;;;;;;;;;;;;;
;;;;;;;;;;;;;;;;;;;;;;
;;;;;;;;;;;;;;;;;;;;;;
;;;;;;;;;;;;;;;;;;;;;;
;;;;;;;;;;;;;;;;;;;;;;
;;;;;;;;;;;;;;;;;;;;;;
;;;;;;;;;;;;;;;;;;;;;;
;;;;;;;;;;;;;;;;;;;;;;
;;;;;;;;;;;;;;;;;;;;;;
;;;;;;;;;;;;;;;;;;;;;;
;;;;;;;;;;;;;;;;;;;;;;
;;;;;;;;;;;;;;;;;;;;;;
;;;;;;;;;;;;;;;;;;;;;;
;;;;;;;;;;;;;;;;;;;;;;
;;;;;;;;;;;;;;;;;;;;;;
;;;;;;;;;;;;;;;;;;;;;;
;;;;;;;;;;;;;;;;;;;;;;
;;;;;;;;;;;;;;;;;;;;;;
;;;;;;;;;;;;;;;;;;;;;;
;;;;;;;;;;;;;;;;;;;;;;
;;;;;;;;;;;;;;;;;;;;;;
;;;;;;;;;;;;;;;;;;;;;;
;;;;;;;;;;;;;;;;;;;;;;
;;;;;;;;;;;;;;;;;;;;;;
;;;;;;;;;;;;;;;;;;;;;;
;;;;;;;;;;;;;;;;;;;;;;
;;;;;;;;;;;;;;;;;;;;;;
;;;;;;;;;;;;;;;;;;;;;;
;;;;;;;;;;;;;;;;;;;;;;
;;;;;;;;;;;;;;;;;;;;;;
;;;;;;;;;;;;;;;;;;;;;;
;;;;;;;;;;;;;;;;;;;;;;
;;;;;;;;;;;;;;;;;;;;;;
;;;;;;;;;;;;;;;;;;;;;;
;;;;;;;;;;;;;;;;;;;;;;
;;;;;;;;;;;;;;;;;;;;;;
;;;;;;;;;;;;;;;;;;;;;;
;;;;;;;;;;;;;;;;;;;;;;
;;;;;;;;;;;;;;;;;;;;;;
;;;;;;;;;;;;;;;;;;;;;;
;;;;;;;;;;;;;;;;;;;;;;
;;;;;;;;;;;;;;;;;;;;;;
;;;;;;;;;;;;;;;;;;;;;;
;;;;;;;;;;;;;;;;;;;;;;
;;;;;;;;;;;;;;;;;;;;;;
;;;;;;;;;;;;;;;;;;;;;;
;;;;;;;;;;;;;;;;;;;;;;
;;;;;;;;;;;;;;;;;;;;;;
;;;;;;;;;;;;;;;;;;;;;;
;;;;;;;;;;;;;;;;;;;;;;
;;;;;;;;;;;;;;;;;;;;;;
;;;;;;;;;;;;;;;;;;;;;;
;;;;;;;;;;;;;;;;;;;;;;
;;;;;;;;;;;;;;;;;;;;;;
;;;;;;;;;;;;;;;;;;;;;;
;;;;;;;;;;;;;;;;;;;;;;
;;;;;;;;;;;;;;;;;;;;;;
;;;;;;;;;;;;;;;;;;;;;;
;;;;;;;;;;;;;;;;;;;;;;
;;;;;;;;;;;;;;;;;;;;;;
;;;;;;;;;;;;;;;;;;;;;;
;;;;;;;;;;;;;;;;;;;;;;
;;;;;;;;;;;;;;;;;;;;;;
;;;;;;;;;;;;;;;;;;;;;;
;;;;;;;;;;;;;;;;;;;;;;
;;;;;;;;;;;;;;;;;;;;;;
;;;;;;;;;;;;;;;;;;;;;;
;;;;;;;;;;;;;;;;;;;;;;
;;;;;;;;;;;;;;;;;;;;;;
;;;;;;;;;;;;;;;;;;;;;;
;;;;;;;;;;;;;;;;;;;;;;
;;;;;;;;;;;;;;;;;;;;;;
;;;;;;;;;;;;;;;;;;;;;;
;;;;;;;;;;;;;;;;;;;;;;
;;;;;;;;;;;;;;;;;;;;;;
;;;;;;;;;;;;;;;;;;;;;;
;;;;;;;;;;;;;;;;;;;;;;
;;;;;;;;;;;;;;;;;;;;;;
;;;;;;;;;;;;;;;;;;;;;;
;;;;;;;;;;;;;;;;;;;;;;
;;;;;;;;;;;;;;;;;;;;;;
;;;;;;;;;;;;;;;;;;;;;;
;;;;;;;;;;;;;;;;;;;;;;
;;;;;;;;;;;;;;;;;;;;;;
;;;;;;;;;;;;;;;;;;;;;;
;;;;;;;;;;;;;;;;;;;;;;
;;;;;;;;;;;;;;;;;;;;;;
;;;;;;;;;;;;;;;;;;;;;;
;;;;;;;;;;;;;;;;;;;;;;
;;;;;;;;;;;;;;;;;;;;;;
;;;;;;;;;;;;;;;;;;;;;;
;;;;;;;;;;;;;;;;;;;;;;
;;;;;;;;;;;;;;;;;;;;;;
;;;;;;;;;;;;;;;;;;;;;;
;;;;;;;;;;;;;;;;;;;;;;
;;;;;;;;;;;;;;;;;;;;;;
;;;;;;;;;;;;;;;;;;;;;;
;;;;;;;;;;;;;;;;;;;;;;
;;;;;;;;;;;;;;;;;;;;;;
;;;;;;;;;;;;;;;;;;;;;;
;;;;;;;;;;;;;;;;;;;;;;
;;;;;;;;;;;;;;;;;;;;;;
;;;;;;;;;;;;;;;;;;;;;;
;;;;;;;;;;;;;;;;;;;;;;
;;;;;;;;;;;;;;;;;;;;;;
;;;;;;;;;;;;;;;;;;;;;;
;;;;;;;;;;;;;;;;;;;;;;
;;;;;;;;;;;;;;;;;;;;;;
;;;;;;;;;;;;;;;;;;;;;;
;;;;;;;;;;;;;;;;;;;;;;
;;;;;;;;;;;;;;;;;;;;;;
;;;;;;;;;;;;;;;;;;;;;;
;;;;;;;;;;;;;;;;;;;;;;
;;;;;;;;;;;;;;;;;;;;;;
;;;;;;;;;;;;;;;;;;;;;;
;;;;;;;;;;;;;;;;;;;;;;
;;;;;;;;;;;;;;;;;;;;;;
;;;;;;;;;;;;;;;;;;;;;;
;;;;;;;;;;;;;;;;;;;;;;
;;;;;;;;;;;;;;;;;;;;;;
;;;;;;;;;;;;;;;;;;;;;;
;;;;;;;;;;;;;;;;;;;;;;
;;;;;;;;;;;;;;;;;;;;;;
;;;;;;;;;;;;;;;;;;;;;;
;;;;;;;;;;;;;;;;;;;;;;
;;;;;;;;;;;;;;;;;;;;;;
;;;;;;;;;;;;;;;;;;;;;;
;;;;;;;;;;;;;;;;;;;;;;
;;;;;;;;;;;;;;;;;;;;;;
;;;;;;;;;;;;;;;;;;;;;;
;;;;;;;;;;;;;;;;;;;;;;
;;;;;;;;;;;;;;;;;;;;;;
;;;;;;;;;;;;;;;;;;;;;;
;;;;;;;;;;;;;;;;;;;;;;
;;;;;;;;;;;;;;;;;;;;;;
;;;;;;;;;;;;;;;;;;;;;;
;;;;;;;;;;;;;;;;;;;;;;
;;;;;;;;;;;;;;;;;;;;;;
;;;;;;;;;;;;;;;;;;;;;;
;;;;;;;;;;;;;;;;;;;;;;
;;;;;;;;;;;;;;;;;;;;;;
;;;;;;;;;;;;;;;;;;;;;;
;;;;;;;;;;;;;;;;;;;;;;
;;;;;;;;;;;;;;;;;;;;;;
;;;;;;;;;;;;;;;;;;;;;;
;;;;;;;;;;;;;;;;;;;;;;
;;;;;;;;;;;;;;;;;;;;;;
;;;;;;;;;;;;;;;;;;;;;;
;;;;;;;;;;;;;;;;;;;;;;
;;;;;;;;;;;;;;;;;;;;;;
;;;;;;;;;;;;;;;;;;;;;;
;;;;;;;;;;;;;;;;;;;;;;
;;;;;;;;;;;;;;;;;;;;;;
;;;;;;;;;;;;;;;;;;;;;;
;;;;;;;;;;;;;;;;;;;;;;
;;;;;;;;;;;;;;;;;;;;;;
;;;;;;;;;;;;;;;;;;;;;;
;;;;;;;;;;;;;;;;;;;;;;
;;;;;;;;;;;;;;;;;;;;;;
;;;;;;;;;;;;;;;;;;;;;;
;;;;;;;;;;;;;;;;;;;;;;
;;;;;;;;;;;;;;;;;;;;;;
;;;;;;;;;;;;;;;;;;;;;;
;;;;;;;;;;;;;;;;;;;;;;
;;;;;;;;;;;;;;;;;;;;;;
;;;;;;;;;;;;;;;;;;;;;;
;;;;;;;;;;;;;;;;;;;;;;
;;;;;;;;;;;;;;;;;;;;;;
;;;;;;;;;;;;;;;;;;;;;;
;;;;;;;;;;;;;;;;;;;;;;
;;;;;;;;;;;;;;;;;;;;;;
;;;;;;;;;;;;;;;;;;;;;;
;;;;;;;;;;;;;;;;;;;;;;
;;;;;;;;;;;;;;;;;;;;;;
;;;;;;;;;;;;;;;;;;;;;;
;;;;;;;;;;;;;;;;;;;;;;
;;;;;;;;;;;;;;;;;;;;;;
;;;;;;;;;;;;;;;;;;;;;;
;;;;;;;;;;;;;;;;;;;;;;
;;;;;;;;;;;;;;;;;;;;;;
;;;;;;;;;;;;;;;;;;;;;;
;;;;;;;;;;;;;;;;;;;;;;
;;;;;;;;;;;;;;;;;;;;;;
;;;;;;;;;;;;;;;;;;;;;;
;;;;;;;;;;;;;;;;;;;;;;
;;;;;;;;;;;;;;;;;;;;;;
;;;;;;;;;;;;;;;;;;;;;;
;;;;;;;;;;;;;;;;;;;;;;
;;;;;;;;;;;;;;;;;;;;;;
;;;;;;;;;;;;;;;;;;;;;;
;;;;;;;;;;;;;;;;;;;;;;
;;;;;;;;;;;;;;;;;;;;;;
;;;;;;;;;;;;;;;;;;;;;;
;;;;;;;;;;;;;;;;;;;;;;
;;;;;;;;;;;;;;;;;;;;;;
;;;;;;;;;;;;;;;;;;;;;;
;;;;;;;;;;;;;;;;;;;;;;
;;;;;;;;;;;;;;;;;;;;;;
;;;;;;;;;;;;;;;;;;;;;;
;;;;;;;;;;;;;;;;;;;;;;
;;;;;;;;;;;;;;;;;;;;;;
;;;;;;;;;;;;;;;;;;;;;;
;;;;;;;;;;;;;;;;;;;;;;
;;;;;;;;;;;;;;;;;;;;;;
;;;;;;;;;;;;;;;;;;;;;;
;;;;;;;;;;;;;;;;;;;;;;
;;;;;;;;;;;;;;;;;;;;;;
;;;;;;;;;;;;;;;;;;;;;;
;;;;;;;;;;;;;;;;;;;;;;
;;;;;;;;;;;;;;;;;;;;;;
;;;;;;;;;;;;;;;;;;;;;;
;;;;;;;;;;;;;;;;;;;;;;
;;;;;;;;;;;;;;;;;;;;;;
;;;;;;;;;;;;;;;;;;;;;;
;;;;;;;;;;;;;;;;;;;;;;
;;;;;;;;;;;;;;;;;;;;;;
;;;;;;;;;;;;;;;;;;;;;;
;;;;;;;;;;;;;;;;;;;;;;
;;;;;;;;;;;;;;;;;;;;;;
;;;;;;;;;;;;;;;;;;;;;;
;;;;;;;;;;;;;;;;;;;;;;
;;;;;;;;;;;;;;;;;;;;;;
;;;;;;;;;;;;;;;;;;;;;;
;;;;;;;;;;;;;;;;;;;;;;
;;;;;;;;;;;;;;;;;;;;;;
;;;;;;;;;;;;;;;;;;;;;;
;;;;;;;;;;;;;;;;;;;;;;
;;;;;;;;;;;;;;;;;;;;;;
;;;;;;;;;;;;;;;;;;;;;;
;;;;;;;;;;;;;;;;;;;;;;
;;;;;;;;;;;;;;;;;;;;;;
;;;;;;;;;;;;;;;;;;;;;;
;;;;;;;;;;;;;;;;;;;;;;
;;;;;;;;;;;;;;;;;;;;;;
;;;;;;;;;;;;;;;;;;;;;;
;;;;;;;;;;;;;;;;;;;;;;
;;;;;;;;;;;;;;;;;;;;;;
;;;;;;;;;;;;;;;;;;;;;;
;;;;;;;;;;;;;;;;;;;;;;
;;;;;;;;;;;;;;;;;;;;;;
;;;;;;;;;;;;;;;;;;;;;;
;;;;;;;;;;;;;;;;;;;;;;
;;;;;;;;;;;;;;;;;;;;;;
;;;;;;;;;;;;;;;;;;;;;;
;;;;;;;;;;;;;;;;;;;;;;
;;;;;;;;;;;;;;;;;;;;;;
;;;;;;;;;;;;;;;;;;;;;;
;;;;;;;;;;;;;;;;;;;;;;
;;;;;;;;;;;;;;;;;;;;;;
;;;;;;;;;;;;;;;;;;;;;;
;;;;;;;;;;;;;;;;;;;;;;
;;;;;;;;;;;;;;;;;;;;;;
;;;;;;;;;;;;;;;;;;;;;;
;;;;;;;;;;;;;;;;;;;;;;
;;;;;;;;;;;;;;;;;;;;;;
;;;;;;;;;;;;;;;;;;;;;;
;;;;;;;;;;;;;;;;;;;;;;
;;;;;;;;;;;;;;;;;;;;;;
;;;;;;;;;;;;;;;;;;;;;;
